"id","name","url","region"
"188","Бахчисарайський район","http://atu.minregion.gov.ua/ua/ustriy_page/188"," Автономна Республіка Крим"
"191","Білогірський район","http://atu.minregion.gov.ua/ua/ustriy_page/191"," Автономна Республіка Крим"
"192","Джанкойський район","http://atu.minregion.gov.ua/ua/ustriy_page/192"," Автономна Республіка Крим"
"197","Єдикуйський район","http://atu.minregion.gov.ua/ua/ustriy_page/197"," Автономна Республіка Крим"
"194","Іслямтерецький район","http://atu.minregion.gov.ua/ua/ustriy_page/194"," Автономна Республіка Крим"
"203","Ічкінський район","http://atu.minregion.gov.ua/ua/ustriy_page/203"," Автономна Республіка Крим"
"196","Курманський район","http://atu.minregion.gov.ua/ua/ustriy_page/196"," Автономна Республіка Крим"
"198","Нижньогірський район","http://atu.minregion.gov.ua/ua/ustriy_page/198"," Автономна Республіка Крим"
"199","Первомайський район","http://atu.minregion.gov.ua/ua/ustriy_page/199"," Автономна Республіка Крим"
"739","Перекопський район","http://atu.minregion.gov.ua/ua/ustriy_page/739"," Автономна Республіка Крим"
"200","Роздольненський район","http://atu.minregion.gov.ua/ua/ustriy_page/200"," Автономна Республіка Крим"
"202","Сакський район","http://atu.minregion.gov.ua/ua/ustriy_page/202"," Автономна Республіка Крим"
"883","Сімферопольський район","http://atu.minregion.gov.ua/ua/ustriy_page/883"," Автономна Республіка Крим"
"204","Чорноморський район","http://atu.minregion.gov.ua/ua/ustriy_page/204"," Автономна Республіка Крим"
"893","Алуштинська міська рада міста обласного значення","http://atu.minregion.gov.ua/ua/ustriy_page/893"," Автономна Республіка Крим"
"183","Армянська міська рада міста обласного значення","http://atu.minregion.gov.ua/ua/ustriy_page/183"," Автономна Республіка Крим"
"872","Джанкойська міська рада міста обласного значення","http://atu.minregion.gov.ua/ua/ustriy_page/872"," Автономна Республіка Крим"
"24315","Євпаторійська міська рада міста обласного значення","http://atu.minregion.gov.ua/ua/ustriy_page/24315"," Автономна Республіка Крим"
"880","Керченська міська рада міста обласного значення","http://atu.minregion.gov.ua/ua/ustriy_page/880"," Автономна Республіка Крим"
"179","Красноперекопська міська рада міста обласного значення","http://atu.minregion.gov.ua/ua/ustriy_page/179"," Автономна Республіка Крим"
"182","Сакська міська рада міста обласного значення","http://atu.minregion.gov.ua/ua/ustriy_page/182"," Автономна Республіка Крим"
"892","Сімферопольська міська рада міста обласного значення","http://atu.minregion.gov.ua/ua/ustriy_page/892"," Автономна Республіка Крим"
"195","Судацька міська рада міста обласного значення","http://atu.minregion.gov.ua/ua/ustriy_page/195"," Автономна Республіка Крим"
"193","Феодосійська міська рада міста обласного значення","http://atu.minregion.gov.ua/ua/ustriy_page/193"," Автономна Республіка Крим"
"215","Ялтинська міська рада міста обласного значення","http://atu.minregion.gov.ua/ua/ustriy_page/215"," Автономна Республіка Крим"
"205","Барський район","http://atu.minregion.gov.ua/ua/ustriy_page/205","Вінницька область"
"206","Бершадський район","http://atu.minregion.gov.ua/ua/ustriy_page/206","Вінницька область"
"207","Вінницький район","http://atu.minregion.gov.ua/ua/ustriy_page/207","Вінницька область"
"208","Гайсинський район","http://atu.minregion.gov.ua/ua/ustriy_page/208","Вінницька область"
"209","Жмеринський район","http://atu.minregion.gov.ua/ua/ustriy_page/209","Вінницька область"
"210","Іллінецький район","http://atu.minregion.gov.ua/ua/ustriy_page/210","Вінницька область"
"211","Калинівський район","http://atu.minregion.gov.ua/ua/ustriy_page/211","Вінницька область"
"213","Козятинський район","http://atu.minregion.gov.ua/ua/ustriy_page/213","Вінницька область"
"214","Крижопільський район","http://atu.minregion.gov.ua/ua/ustriy_page/214","Вінницька область"
"217","Липовецький район","http://atu.minregion.gov.ua/ua/ustriy_page/217","Вінницька область"
"839","Літинський район","http://atu.minregion.gov.ua/ua/ustriy_page/839","Вінницька область"
"218","Могилів-Подільський район","http://atu.minregion.gov.ua/ua/ustriy_page/218","Вінницька область"
"220","Мурованокуриловецький район","http://atu.minregion.gov.ua/ua/ustriy_page/220","Вінницька область"
"221","Немирівський район","http://atu.minregion.gov.ua/ua/ustriy_page/221","Вінницька область"
"224","Оратівський район","http://atu.minregion.gov.ua/ua/ustriy_page/224","Вінницька область"
"225","Піщанський район","http://atu.minregion.gov.ua/ua/ustriy_page/225","Вінницька область"
"227","Погребищенський район","http://atu.minregion.gov.ua/ua/ustriy_page/227","Вінницька область"
"229","Теплицький район","http://atu.minregion.gov.ua/ua/ustriy_page/229","Вінницька область"
"233","Тиврівський район","http://atu.minregion.gov.ua/ua/ustriy_page/233","Вінницька область"
"235","Томашпільський район","http://atu.minregion.gov.ua/ua/ustriy_page/235","Вінницька область"
"237","Тростянецький район","http://atu.minregion.gov.ua/ua/ustriy_page/237","Вінницька область"
"238","Тульчинський район","http://atu.minregion.gov.ua/ua/ustriy_page/238","Вінницька область"
"239","Хмільницький район","http://atu.minregion.gov.ua/ua/ustriy_page/239","Вінницька область"
"241","Чернівецький район","http://atu.minregion.gov.ua/ua/ustriy_page/241","Вінницька область"
"244","Чечельницький район","http://atu.minregion.gov.ua/ua/ustriy_page/244","Вінницька область"
"246","Шаргородський район","http://atu.minregion.gov.ua/ua/ustriy_page/246","Вінницька область"
"247","Ямпільський район","http://atu.minregion.gov.ua/ua/ustriy_page/247","Вінницька область"
"763","Вінницька міська рада міста обласного значення","http://atu.minregion.gov.ua/ua/ustriy_page/763","Вінницька область"
"776","Жмеринська міська рада міста обласного значення","http://atu.minregion.gov.ua/ua/ustriy_page/776","Вінницька область"
"796","Козятинська міська рада міста обласного значення","http://atu.minregion.gov.ua/ua/ustriy_page/796","Вінницька область"
"809","Ладижинська міська рада міста обласного значення","http://atu.minregion.gov.ua/ua/ustriy_page/809","Вінницька область"
"784","Могилів-Подільська міська рада міста обласного значення","http://atu.minregion.gov.ua/ua/ustriy_page/784","Вінницька область"
"814","Хмільницька міська рада міста обласного значення","http://atu.minregion.gov.ua/ua/ustriy_page/814","Вінницька область"
"840","Володимир-Волинський район","http://atu.minregion.gov.ua/ua/ustriy_page/840","Волинська область"
"248","Горохівський район","http://atu.minregion.gov.ua/ua/ustriy_page/248","Волинська область"
"249","Іваничівський район","http://atu.minregion.gov.ua/ua/ustriy_page/249","Волинська область"
"250","Камінь-Каширський район","http://atu.minregion.gov.ua/ua/ustriy_page/250","Волинська область"
"251","Ківерцівський район","http://atu.minregion.gov.ua/ua/ustriy_page/251","Волинська область"
"252","Ковельський район","http://atu.minregion.gov.ua/ua/ustriy_page/252","Волинська область"
"254","Локачинський район","http://atu.minregion.gov.ua/ua/ustriy_page/254","Волинська область"
"255","Луцький район","http://atu.minregion.gov.ua/ua/ustriy_page/255","Волинська область"
"256","Любешівський район","http://atu.minregion.gov.ua/ua/ustriy_page/256","Волинська область"
"257","Любомльський район","http://atu.minregion.gov.ua/ua/ustriy_page/257","Волинська область"
"258","Маневицький район","http://atu.minregion.gov.ua/ua/ustriy_page/258","Волинська область"
"259","Ратнівський район","http://atu.minregion.gov.ua/ua/ustriy_page/259","Волинська область"
"260","Рожищенський район","http://atu.minregion.gov.ua/ua/ustriy_page/260","Волинська область"
"261","Старовижівський район","http://atu.minregion.gov.ua/ua/ustriy_page/261","Волинська область"
"262","Турійський район","http://atu.minregion.gov.ua/ua/ustriy_page/262","Волинська область"
"263","Шацький район","http://atu.minregion.gov.ua/ua/ustriy_page/263","Волинська область"
"266","Володимир-Волинська міська рада міста обласного значення","http://atu.minregion.gov.ua/ua/ustriy_page/266","Волинська область"
"337","Ковельська міська рада міста обласного значення","http://atu.minregion.gov.ua/ua/ustriy_page/337","Волинська область"
"895","Луцька міська рада міста обласного значення","http://atu.minregion.gov.ua/ua/ustriy_page/895","Волинська область"
"338","Нововолинська міська рада міста обласного значення","http://atu.minregion.gov.ua/ua/ustriy_page/338","Волинська область"
"265","Апостолівський район","http://atu.minregion.gov.ua/ua/ustriy_page/265","Дніпропетровська область"
"267","Васильківський район","http://atu.minregion.gov.ua/ua/ustriy_page/267","Дніпропетровська область"
"272","Верхньодніпровський район","http://atu.minregion.gov.ua/ua/ustriy_page/272","Дніпропетровська область"
"273","Дніпровський район","http://atu.minregion.gov.ua/ua/ustriy_page/273","Дніпропетровська область"
"274","Криворізький район","http://atu.minregion.gov.ua/ua/ustriy_page/274","Дніпропетровська область"
"277","Криничанський район","http://atu.minregion.gov.ua/ua/ustriy_page/277","Дніпропетровська область"
"278","Магдалинівський район","http://atu.minregion.gov.ua/ua/ustriy_page/278","Дніпропетровська область"
"279","Межівський район","http://atu.minregion.gov.ua/ua/ustriy_page/279","Дніпропетровська область"
"280","Нікопольський район","http://atu.minregion.gov.ua/ua/ustriy_page/280","Дніпропетровська область"
"281","Новомосковський район","http://atu.minregion.gov.ua/ua/ustriy_page/281","Дніпропетровська область"
"282","Павлоградський район","http://atu.minregion.gov.ua/ua/ustriy_page/282","Дніпропетровська область"
"285","Петриківський район","http://atu.minregion.gov.ua/ua/ustriy_page/285","Дніпропетровська область"
"288","Петропавлівський район","http://atu.minregion.gov.ua/ua/ustriy_page/288","Дніпропетровська область"
"292","Покровський район","http://atu.minregion.gov.ua/ua/ustriy_page/292","Дніпропетровська область"
"293","П'ятихатський район","http://atu.minregion.gov.ua/ua/ustriy_page/293","Дніпропетровська область"
"296","Синельниківський район","http://atu.minregion.gov.ua/ua/ustriy_page/296","Дніпропетровська область"
"298","Солонянський район","http://atu.minregion.gov.ua/ua/ustriy_page/298","Дніпропетровська область"
"301","Софіївський район","http://atu.minregion.gov.ua/ua/ustriy_page/301","Дніпропетровська область"
"236","Томаківський район","http://atu.minregion.gov.ua/ua/ustriy_page/236","Дніпропетровська область"
"304","Царичанський район","http://atu.minregion.gov.ua/ua/ustriy_page/304","Дніпропетровська область"
"305","Широківський район","http://atu.minregion.gov.ua/ua/ustriy_page/305","Дніпропетровська область"
"308","Юр'ївський район","http://atu.minregion.gov.ua/ua/ustriy_page/308","Дніпропетровська область"
"898","Вільногірська міська рада міста обласного значення","http://atu.minregion.gov.ua/ua/ustriy_page/898","Дніпропетровська область"
"401","Дніпродзержинська міська рада міста обласного значення","http://atu.minregion.gov.ua/ua/ustriy_page/401","Дніпропетровська область"
"24081","Дніпропетровська міська рада міста обласного значення","http://atu.minregion.gov.ua/ua/ustriy_page/24081","Дніпропетровська область"
"404","Жовтоводська міська рада міста обласного значення","http://atu.minregion.gov.ua/ua/ustriy_page/404","Дніпропетровська область"
"900","Криворізька міська рада міста обласного значення","http://atu.minregion.gov.ua/ua/ustriy_page/900","Дніпропетровська область"
"416","Марганецька міська рада міста обласного значення","http://atu.minregion.gov.ua/ua/ustriy_page/416","Дніпропетровська область"
"703","Нікопольська міська рада міста обласного значення","http://atu.minregion.gov.ua/ua/ustriy_page/703","Дніпропетровська область"
"902","Новомосковська міська рада міста обласного значення","http://atu.minregion.gov.ua/ua/ustriy_page/902","Дніпропетровська область"
"903","Орджонікідзевська міська рада міста обласного значення","http://atu.minregion.gov.ua/ua/ustriy_page/903","Дніпропетровська область"
"905","Павлоградська міська рада міста обласного значення","http://atu.minregion.gov.ua/ua/ustriy_page/905","Дніпропетровська область"
"906","Першотравенська міська рада міста обласного значення","http://atu.minregion.gov.ua/ua/ustriy_page/906","Дніпропетровська область"
"907","Синельниківська міська рада міста обласного значення","http://atu.minregion.gov.ua/ua/ustriy_page/907","Дніпропетровська область"
"908","Тернівська міська рада міста обласного значення","http://atu.minregion.gov.ua/ua/ustriy_page/908","Дніпропетровська область"
"309","Амвросіївський район","http://atu.minregion.gov.ua/ua/ustriy_page/309","Донецька область"
"24257","Бахмутський район","http://atu.minregion.gov.ua/ua/ustriy_page/24257","Донецька область"
"889","Бойківський район","http://atu.minregion.gov.ua/ua/ustriy_page/889","Донецька область"
"311","Великоновосілківський район","http://atu.minregion.gov.ua/ua/ustriy_page/311","Донецька область"
"888","Волноваський район","http://atu.minregion.gov.ua/ua/ustriy_page/888","Донецька область"
"313","Добропільський район","http://atu.minregion.gov.ua/ua/ustriy_page/313","Донецька область"
"314","Костянтинівський район","http://atu.minregion.gov.ua/ua/ustriy_page/314","Донецька область"
"851","Лиманський район","http://atu.minregion.gov.ua/ua/ustriy_page/851","Донецька область"
"319","Мангушський район","http://atu.minregion.gov.ua/ua/ustriy_page/319","Донецька область"
"316","Мар'їнський район","http://atu.minregion.gov.ua/ua/ustriy_page/316","Донецька область"
"312","Нікольський район","http://atu.minregion.gov.ua/ua/ustriy_page/312","Донецька область"
"890","Новоазовський район","http://atu.minregion.gov.ua/ua/ustriy_page/890","Донецька область"
"318","Олександрівський район","http://atu.minregion.gov.ua/ua/ustriy_page/318","Донецька область"
"315","Покровський район","http://atu.minregion.gov.ua/ua/ustriy_page/315","Донецька область"
"320","Слов'янський район","http://atu.minregion.gov.ua/ua/ustriy_page/320","Донецька область"
"321","Старобешівський район","http://atu.minregion.gov.ua/ua/ustriy_page/321","Донецька область"
"322","Шахтарський район","http://atu.minregion.gov.ua/ua/ustriy_page/322","Донецька область"
"323","Ясинуватський район","http://atu.minregion.gov.ua/ua/ustriy_page/323","Донецька область"
"912","Авдіївська міська рада міста обласного значення","http://atu.minregion.gov.ua/ua/ustriy_page/912","Донецька область"
"913","Артемівська міська рада міста обласного значення","http://atu.minregion.gov.ua/ua/ustriy_page/913","Донецька область"
"927","Вугледарська міська рада міста обласного значення","http://atu.minregion.gov.ua/ua/ustriy_page/927","Донецька область"
"593","Горлівська міська рада міста обласного значення","http://atu.minregion.gov.ua/ua/ustriy_page/593","Донецька область"
"594","Дебальцівська міська рада міста обласного значення","http://atu.minregion.gov.ua/ua/ustriy_page/594","Донецька область"
"605","Дзержинська міська рада міста обласного значення","http://atu.minregion.gov.ua/ua/ustriy_page/605","Донецька область"
"610","Димитровська міська рада міста обласного значення","http://atu.minregion.gov.ua/ua/ustriy_page/610","Донецька область"
"917","Добропільська міська рада міста обласного значення","http://atu.minregion.gov.ua/ua/ustriy_page/917","Донецька область"
"618","Докучаєвська міська рада міста обласного значення","http://atu.minregion.gov.ua/ua/ustriy_page/618","Донецька область"
"585","Донецька міська рада міста обласного значення","http://atu.minregion.gov.ua/ua/ustriy_page/585","Донецька область"
"24508","Дружківська міська рада міста обласного значення","http://atu.minregion.gov.ua/ua/ustriy_page/24508","Донецька область"
"626","Єнакієвська міська рада міста обласного значення","http://atu.minregion.gov.ua/ua/ustriy_page/626","Донецька область"
"919","Жданівська міська рада міста обласного значення","http://atu.minregion.gov.ua/ua/ustriy_page/919","Донецька область"
"923","Кіровська міська рада міста обласного значення","http://atu.minregion.gov.ua/ua/ustriy_page/923","Донецька область"
"640","Костянтинівська міська рада міста обласного значення","http://atu.minregion.gov.ua/ua/ustriy_page/640","Донецька область"
"924","Краматорська міська рада міста обласного значення","http://atu.minregion.gov.ua/ua/ustriy_page/924","Донецька область"
"645","Красноармійська міська рада міста обласного значення","http://atu.minregion.gov.ua/ua/ustriy_page/645","Донецька область"
"647","Макіївська міська рада міста обласного значення","http://atu.minregion.gov.ua/ua/ustriy_page/647","Донецька область"
"24238","Маріупольська міська рада міста обласного значення","http://atu.minregion.gov.ua/ua/ustriy_page/24238","Донецька область"
"666","Новогродівська міська рада міста обласного значення","http://atu.minregion.gov.ua/ua/ustriy_page/666","Донецька область"
"682","Селидівська міська рада міста обласного значення","http://atu.minregion.gov.ua/ua/ustriy_page/682","Донецька область"
"753","Слов'янська міська рада міста обласного значення","http://atu.minregion.gov.ua/ua/ustriy_page/753","Донецька область"
"926","Сніжнянська міська рада міста обласного значення","http://atu.minregion.gov.ua/ua/ustriy_page/926","Донецька область"
"920","Торезька міська рада міста обласного значення","http://atu.minregion.gov.ua/ua/ustriy_page/920","Донецька область"
"177","Харцизька міська рада міста обласного значення","http://atu.minregion.gov.ua/ua/ustriy_page/177","Донецька область"
"929","Шахтарська міська рада міста обласного значення","http://atu.minregion.gov.ua/ua/ustriy_page/929","Донецька область"
"930","Ясинуватська міська рада міста обласного значення","http://atu.minregion.gov.ua/ua/ustriy_page/930","Донецька область"
"325","Андрушівський район","http://atu.minregion.gov.ua/ua/ustriy_page/325","Житомирська область"
"326","Баранівський район","http://atu.minregion.gov.ua/ua/ustriy_page/326","Житомирська область"
"874","Бердичівський район","http://atu.minregion.gov.ua/ua/ustriy_page/874","Житомирська область"
"328","Брусилівський район","http://atu.minregion.gov.ua/ua/ustriy_page/328","Житомирська область"
"334","Ємільчинський район","http://atu.minregion.gov.ua/ua/ustriy_page/334","Житомирська область"
"875","Житомирський район","http://atu.minregion.gov.ua/ua/ustriy_page/875","Житомирська область"
"876","Коростенський район","http://atu.minregion.gov.ua/ua/ustriy_page/876","Житомирська область"
"336","Коростишівський район","http://atu.minregion.gov.ua/ua/ustriy_page/336","Житомирська область"
"340","Лугинський район","http://atu.minregion.gov.ua/ua/ustriy_page/340","Житомирська область"
"341","Любарський район","http://atu.minregion.gov.ua/ua/ustriy_page/341","Житомирська область"
"869","Малинський район","http://atu.minregion.gov.ua/ua/ustriy_page/869","Житомирська область"
"342","Народицький район","http://atu.minregion.gov.ua/ua/ustriy_page/342","Житомирська область"
"343","Новоград-Волинський район","http://atu.minregion.gov.ua/ua/ustriy_page/343","Житомирська область"
"344","Овруцький район","http://atu.minregion.gov.ua/ua/ustriy_page/344","Житомирська область"
"345","Олевський район","http://atu.minregion.gov.ua/ua/ustriy_page/345","Житомирська область"
"349","Попільнянський район","http://atu.minregion.gov.ua/ua/ustriy_page/349","Житомирська область"
"354","Пулинський район","http://atu.minregion.gov.ua/ua/ustriy_page/354","Житомирська область"
"350","Радомишльський район","http://atu.minregion.gov.ua/ua/ustriy_page/350","Житомирська область"
"332","Романівський район","http://atu.minregion.gov.ua/ua/ustriy_page/332","Житомирська область"
"353","Ружинський район","http://atu.minregion.gov.ua/ua/ustriy_page/353","Житомирська область"
"330","Хорошівський район","http://atu.minregion.gov.ua/ua/ustriy_page/330","Житомирська область"
"355","Черняхівський район","http://atu.minregion.gov.ua/ua/ustriy_page/355","Житомирська область"
"870","Чуднівський район","http://atu.minregion.gov.ua/ua/ustriy_page/870","Житомирська область"
"384","Бердичівська міська рада міста обласного значення","http://atu.minregion.gov.ua/ua/ustriy_page/384","Житомирська область"
"12038","Житомирська міська рада міста обласного значення","http://atu.minregion.gov.ua/ua/ustriy_page/12038","Житомирська область"
"931","Коростенська міська рада міста обласного значення","http://atu.minregion.gov.ua/ua/ustriy_page/931","Житомирська область"
"456","Малинська міська рада міста обласного значення","http://atu.minregion.gov.ua/ua/ustriy_page/456","Житомирська область"
"932","Новоград-Волинська міська рада міста обласного значення","http://atu.minregion.gov.ua/ua/ustriy_page/932","Житомирська область"
"862","Берегівський район","http://atu.minregion.gov.ua/ua/ustriy_page/862","Закарпатська область"
"358","Великоберезнянський район","http://atu.minregion.gov.ua/ua/ustriy_page/358","Закарпатська область"
"861","Виноградівський район","http://atu.minregion.gov.ua/ua/ustriy_page/861","Закарпатська область"
"360","Воловецький район","http://atu.minregion.gov.ua/ua/ustriy_page/360","Закарпатська область"
"362","Іршавський район","http://atu.minregion.gov.ua/ua/ustriy_page/362","Закарпатська область"
"365","Міжгірський район","http://atu.minregion.gov.ua/ua/ustriy_page/365","Закарпатська область"
"845","МукачІвський район","http://atu.minregion.gov.ua/ua/ustriy_page/845","Закарпатська область"
"702","Перечинський район","http://atu.minregion.gov.ua/ua/ustriy_page/702","Закарпатська область"
"843","Рахівський район","http://atu.minregion.gov.ua/ua/ustriy_page/843","Закарпатська область"
"367","Свалявський район","http://atu.minregion.gov.ua/ua/ustriy_page/367","Закарпатська область"
"368","Тячівський район","http://atu.minregion.gov.ua/ua/ustriy_page/368","Закарпатська область"
"369","Ужгородський район","http://atu.minregion.gov.ua/ua/ustriy_page/369","Закарпатська область"
"844","Хустський район","http://atu.minregion.gov.ua/ua/ustriy_page/844","Закарпатська область"
"486","Берегівська міська рада міста обласного значення","http://atu.minregion.gov.ua/ua/ustriy_page/486","Закарпатська область"
"488","Мукачівська міська рада міста обласного значення","http://atu.minregion.gov.ua/ua/ustriy_page/488","Закарпатська область"
"477","Ужгородська міська рада міста обласного значення","http://atu.minregion.gov.ua/ua/ustriy_page/477","Закарпатська область"
"531","Хустська міська рада міста обласного значення","http://atu.minregion.gov.ua/ua/ustriy_page/531","Закарпатська область"
"939","Чопська міська рада міста обласного значення","http://atu.minregion.gov.ua/ua/ustriy_page/939","Закарпатська область"
"370","Бердянський район","http://atu.minregion.gov.ua/ua/ustriy_page/370","Запорізька область"
"381","Більмацький район","http://atu.minregion.gov.ua/ua/ustriy_page/381","Запорізька область"
"24272","Василівський район","http://atu.minregion.gov.ua/ua/ustriy_page/24272","Запорізька область"
"372","Великобілозерський район","http://atu.minregion.gov.ua/ua/ustriy_page/372","Запорізька область"
"329","Веселівський район","http://atu.minregion.gov.ua/ua/ustriy_page/329","Запорізька область"
"374","Вільнянський район","http://atu.minregion.gov.ua/ua/ustriy_page/374","Запорізька область"
"376","Гуляйпільський район","http://atu.minregion.gov.ua/ua/ustriy_page/376","Запорізька область"
"377","Запорізький район","http://atu.minregion.gov.ua/ua/ustriy_page/377","Запорізька область"
"378","Кам'янсько-Дніпровський район","http://atu.minregion.gov.ua/ua/ustriy_page/378","Запорізька область"
"382","Мелітопольський район","http://atu.minregion.gov.ua/ua/ustriy_page/382","Запорізька область"
"385","Михайлівський район","http://atu.minregion.gov.ua/ua/ustriy_page/385","Запорізька область"
"387","Новомиколаївський район","http://atu.minregion.gov.ua/ua/ustriy_page/387","Запорізька область"
"388","Оріхівський район","http://atu.minregion.gov.ua/ua/ustriy_page/388","Запорізька область"
"395","Пологівський район","http://atu.minregion.gov.ua/ua/ustriy_page/395","Запорізька область"
"399","Приазовський район","http://atu.minregion.gov.ua/ua/ustriy_page/399","Запорізька область"
"400","Приморський район","http://atu.minregion.gov.ua/ua/ustriy_page/400","Запорізька область"
"331","Розівський район","http://atu.minregion.gov.ua/ua/ustriy_page/331","Запорізька область"
"403","Токмацький район","http://atu.minregion.gov.ua/ua/ustriy_page/403","Запорізька область"
"187","Чернігівський район","http://atu.minregion.gov.ua/ua/ustriy_page/187","Запорізька область"
"190","Якимівський район","http://atu.minregion.gov.ua/ua/ustriy_page/190","Запорізька область"
"944","Бердянська міська рада міста обласного значення","http://atu.minregion.gov.ua/ua/ustriy_page/944","Запорізька область"
"947","Енергодарська міська рада міста обласного значення","http://atu.minregion.gov.ua/ua/ustriy_page/947","Запорізька область"
"24175","Запорізька міська рада міста обласного значення","http://atu.minregion.gov.ua/ua/ustriy_page/24175","Запорізька область"
"945","Мелітопольська міська рада міста обласного значення","http://atu.minregion.gov.ua/ua/ustriy_page/945","Запорізька область"
"551","Токмацька міська рада міста обласного значення","http://atu.minregion.gov.ua/ua/ustriy_page/551","Запорізька область"
"407","Богородчанський район","http://atu.minregion.gov.ua/ua/ustriy_page/407","Івано-Франківська область"
"408","Верховинський район","http://atu.minregion.gov.ua/ua/ustriy_page/408","Івано-Франківська область"
"409","Галицький район","http://atu.minregion.gov.ua/ua/ustriy_page/409","Івано-Франківська область"
"411","Городенківський район","http://atu.minregion.gov.ua/ua/ustriy_page/411","Івано-Франківська область"
"412","Долинський район","http://atu.minregion.gov.ua/ua/ustriy_page/412","Івано-Франківська область"
"413","Калуський район","http://atu.minregion.gov.ua/ua/ustriy_page/413","Івано-Франківська область"
"414","Коломийський район","http://atu.minregion.gov.ua/ua/ustriy_page/414","Івано-Франківська область"
"418","Косівський район","http://atu.minregion.gov.ua/ua/ustriy_page/418","Івано-Франківська область"
"419","Надвірнянський район","http://atu.minregion.gov.ua/ua/ustriy_page/419","Івано-Франківська область"
"420","Рогатинський район","http://atu.minregion.gov.ua/ua/ustriy_page/420","Івано-Франківська область"
"421","Рожнятівський район","http://atu.minregion.gov.ua/ua/ustriy_page/421","Івано-Франківська область"
"422","Снятинський район","http://atu.minregion.gov.ua/ua/ustriy_page/422","Івано-Франківська область"
"423","Тисменицький район","http://atu.minregion.gov.ua/ua/ustriy_page/423","Івано-Франківська область"
"426","Тлумацький район","http://atu.minregion.gov.ua/ua/ustriy_page/426","Івано-Франківська область"
"955","Болехівська міська рада міста обласного значення","http://atu.minregion.gov.ua/ua/ustriy_page/955","Івано-Франківська область"
"962","Бурштинська міська рада міста обласного значення","http://atu.minregion.gov.ua/ua/ustriy_page/962","Івано-Франківська область"
"951","Івано-Франківська міська рада міста обласного значення","http://atu.minregion.gov.ua/ua/ustriy_page/951","Івано-Франківська область"
"956","Калуська міська рада міста обласного значення","http://atu.minregion.gov.ua/ua/ustriy_page/956","Івано-Франківська область"
"957","Коломийська міська рада міста обласного значення","http://atu.minregion.gov.ua/ua/ustriy_page/957","Івано-Франківська область"
"960","Яремчанська міська рада міста обласного значення","http://atu.minregion.gov.ua/ua/ustriy_page/960","Івано-Франківська область"
"427","Баришівський район","http://atu.minregion.gov.ua/ua/ustriy_page/427","Київська область"
"428","Білоцерківський район","http://atu.minregion.gov.ua/ua/ustriy_page/428","Київська область"
"429","Богуславський район","http://atu.minregion.gov.ua/ua/ustriy_page/429","Київська область"
"858","Бориспільський район","http://atu.minregion.gov.ua/ua/ustriy_page/858","Київська область"
"430","Бородянський район","http://atu.minregion.gov.ua/ua/ustriy_page/430","Київська область"
"746","Броварський район","http://atu.minregion.gov.ua/ua/ustriy_page/746","Київська область"
"859","Васильківський район","http://atu.minregion.gov.ua/ua/ustriy_page/859","Київська область"
"431","Вишгородський район","http://atu.minregion.gov.ua/ua/ustriy_page/431","Київська область"
"433","Володарський район","http://atu.minregion.gov.ua/ua/ustriy_page/433","Київська область"
"435","Згурівський район","http://atu.minregion.gov.ua/ua/ustriy_page/435","Київська область"
"436","Іванківський район","http://atu.minregion.gov.ua/ua/ustriy_page/436","Київська область"
"437","Кагарлицький район","http://atu.minregion.gov.ua/ua/ustriy_page/437","Київська область"
"860","Києво-Святошинський район","http://atu.minregion.gov.ua/ua/ustriy_page/860","Київська область"
"438","Макарівський район","http://atu.minregion.gov.ua/ua/ustriy_page/438","Київська область"
"440","Миронівський район","http://atu.minregion.gov.ua/ua/ustriy_page/440","Київська область"
"853","Обухівський район","http://atu.minregion.gov.ua/ua/ustriy_page/853","Київська область"
"441","Переяслав-Хмельницький район","http://atu.minregion.gov.ua/ua/ustriy_page/441","Київська область"
"442","Поліський район","http://atu.minregion.gov.ua/ua/ustriy_page/442","Київська область"
"444","Рокитнянський район","http://atu.minregion.gov.ua/ua/ustriy_page/444","Київська область"
"446","Сквирський район","http://atu.minregion.gov.ua/ua/ustriy_page/446","Київська область"
"448","Ставищенський район","http://atu.minregion.gov.ua/ua/ustriy_page/448","Київська область"
"451","Таращанський район","http://atu.minregion.gov.ua/ua/ustriy_page/451","Київська область"
"453","Тетіївський район","http://atu.minregion.gov.ua/ua/ustriy_page/453","Київська область"
"454","Фастівський район","http://atu.minregion.gov.ua/ua/ustriy_page/454","Київська область"
"455","Яготинський район","http://atu.minregion.gov.ua/ua/ustriy_page/455","Київська область"
"950","Березанська міська рада міста обласного значення","http://atu.minregion.gov.ua/ua/ustriy_page/950","Київська область"
"940","Білоцерківська міська рада міста обласного значення","http://atu.minregion.gov.ua/ua/ustriy_page/940","Київська область"
"158","Бориспільська міська рада міста обласного значення","http://atu.minregion.gov.ua/ua/ustriy_page/158","Київська область"
"490","Броварська міська рада міста обласного значення","http://atu.minregion.gov.ua/ua/ustriy_page/490","Київська область"
"967","Бучанська міська рада міста обласного значення","http://atu.minregion.gov.ua/ua/ustriy_page/967","Київська область"
"958","Васильківська міська рада міста обласного значення","http://atu.minregion.gov.ua/ua/ustriy_page/958","Київська область"
"966","Ірпінська міська рада міста обласного значення","http://atu.minregion.gov.ua/ua/ustriy_page/966","Київська область"
"359","Обухівська міська рада міста обласного значення","http://atu.minregion.gov.ua/ua/ustriy_page/359","Київська область"
"972","Переяслав-Хмельницька міська рада міста обласного значення","http://atu.minregion.gov.ua/ua/ustriy_page/972","Київська область"
"974","Ржищівська міська рада міста обласного значення","http://atu.minregion.gov.ua/ua/ustriy_page/974","Київська область"
"505","Славутицька міська рада міста обласного значення","http://atu.minregion.gov.ua/ua/ustriy_page/505","Київська область"
"973","Фастівська міська рада міста обласного значення","http://atu.minregion.gov.ua/ua/ustriy_page/973","Київська область"
"491","Благовіщенський район","http://atu.minregion.gov.ua/ua/ustriy_page/491","Кіровоградська область"
"457","Бобринецький район","http://atu.minregion.gov.ua/ua/ustriy_page/457","Кіровоградська область"
"460","Вільшанський район","http://atu.minregion.gov.ua/ua/ustriy_page/460","Кіровоградська область"
"462","Гайворонський район","http://atu.minregion.gov.ua/ua/ustriy_page/462","Кіровоградська область"
"466","Голованівський район","http://atu.minregion.gov.ua/ua/ustriy_page/466","Кіровоградська область"
"469","Добровеличківський район","http://atu.minregion.gov.ua/ua/ustriy_page/469","Кіровоградська область"
"471","Долинський район","http://atu.minregion.gov.ua/ua/ustriy_page/471","Кіровоградська область"
"473","Знам'янський район","http://atu.minregion.gov.ua/ua/ustriy_page/473","Кіровоградська область"
"474","Кіровоградський район","http://atu.minregion.gov.ua/ua/ustriy_page/474","Кіровоградська область"
"373","Компаніївський район","http://atu.minregion.gov.ua/ua/ustriy_page/373","Кіровоградська область"
"476","Маловисківський район","http://atu.minregion.gov.ua/ua/ustriy_page/476","Кіровоградська область"
"386","Новгородківський район","http://atu.minregion.gov.ua/ua/ustriy_page/386","Кіровоградська область"
"478","Новоархангельський район","http://atu.minregion.gov.ua/ua/ustriy_page/478","Кіровоградська область"
"480","Новомиргородський район","http://atu.minregion.gov.ua/ua/ustriy_page/480","Кіровоградська область"
"482","Новоукраїнський район","http://atu.minregion.gov.ua/ua/ustriy_page/482","Кіровоградська область"
"483","Олександрівський район","http://atu.minregion.gov.ua/ua/ustriy_page/483","Кіровоградська область"
"484","Олександрійський район","http://atu.minregion.gov.ua/ua/ustriy_page/484","Кіровоградська область"
"485","Онуфріївський район","http://atu.minregion.gov.ua/ua/ustriy_page/485","Кіровоградська область"
"487","Петрівський район","http://atu.minregion.gov.ua/ua/ustriy_page/487","Кіровоградська область"
"489","Світловодський район","http://atu.minregion.gov.ua/ua/ustriy_page/489","Кіровоградська область"
"493","Устинівський район","http://atu.minregion.gov.ua/ua/ustriy_page/493","Кіровоградська область"
"977","Знам'янська міська рада міста обласного значення","http://atu.minregion.gov.ua/ua/ustriy_page/977","Кіровоградська область"
"696","Кіровоградська міська рада міста обласного значення","http://atu.minregion.gov.ua/ua/ustriy_page/696","Кіровоградська область"
"976","Олександрійська міська рада міста обласного значення","http://atu.minregion.gov.ua/ua/ustriy_page/976","Кіровоградська область"
"978","Світловодська міська рада міста обласного значення","http://atu.minregion.gov.ua/ua/ustriy_page/978","Кіровоградська область"
"494","Антрацитівський район","http://atu.minregion.gov.ua/ua/ustriy_page/494","Луганська область"
"495","Біловодський район","http://atu.minregion.gov.ua/ua/ustriy_page/495","Луганська область"
"496","Білокуракинський район","http://atu.minregion.gov.ua/ua/ustriy_page/496","Луганська область"
"745","Довжанський район","http://atu.minregion.gov.ua/ua/ustriy_page/745","Луганська область"
"497","Кремінський район","http://atu.minregion.gov.ua/ua/ustriy_page/497","Луганська область"
"498","Лутугинський район","http://atu.minregion.gov.ua/ua/ustriy_page/498","Луганська область"
"502","Марківський район","http://atu.minregion.gov.ua/ua/ustriy_page/502","Луганська область"
"504","Міловський район","http://atu.minregion.gov.ua/ua/ustriy_page/504","Луганська область"
"887","Новоайдарський район","http://atu.minregion.gov.ua/ua/ustriy_page/887","Луганська область"
"506","Новопсковський район","http://atu.minregion.gov.ua/ua/ustriy_page/506","Луганська область"
"886","Перевальський район","http://atu.minregion.gov.ua/ua/ustriy_page/886","Луганська область"
"884","Попаснянський район","http://atu.minregion.gov.ua/ua/ustriy_page/884","Луганська область"
"507","Сватівський район","http://atu.minregion.gov.ua/ua/ustriy_page/507","Луганська область"
"885","Слов'яносербський район","http://atu.minregion.gov.ua/ua/ustriy_page/885","Луганська область"
"740","Сорокинський район","http://atu.minregion.gov.ua/ua/ustriy_page/740","Луганська область"
"508","Станично-Луганський район","http://atu.minregion.gov.ua/ua/ustriy_page/508","Луганська область"
"510","Старобільський район","http://atu.minregion.gov.ua/ua/ustriy_page/510","Луганська область"
"511","Троїцький район","http://atu.minregion.gov.ua/ua/ustriy_page/511","Луганська область"
"994","Алчевська міська рада міста обласного значення","http://atu.minregion.gov.ua/ua/ustriy_page/994","Луганська область"
"987","Антрацитівська міська рада міста обласного значення","http://atu.minregion.gov.ua/ua/ustriy_page/987","Луганська область"
"991","Брянківська міська рада міста обласного значення","http://atu.minregion.gov.ua/ua/ustriy_page/991","Луганська область"
"24330","Кіровська міська рада міста обласного значення","http://atu.minregion.gov.ua/ua/ustriy_page/24330","Луганська область"
"995","Краснодонська міська рада міста обласного значення","http://atu.minregion.gov.ua/ua/ustriy_page/995","Луганська область"
"294","Краснолуцька міська рада міста обласного значення","http://atu.minregion.gov.ua/ua/ustriy_page/294","Луганська область"
"24444","Лисичанська міська рада міста обласного значення","http://atu.minregion.gov.ua/ua/ustriy_page/24444","Луганська область"
"24442","Луганська міська рада міста обласного значення","http://atu.minregion.gov.ua/ua/ustriy_page/24442","Луганська область"
"719","Первомайська міська рада міста обласного значення","http://atu.minregion.gov.ua/ua/ustriy_page/719","Луганська область"
"996","Ровеньківська міська рада міста обласного значення","http://atu.minregion.gov.ua/ua/ustriy_page/996","Луганська область"
"997","Рубіжанська міська рада міста обласного значення","http://atu.minregion.gov.ua/ua/ustriy_page/997","Луганська область"
"998","Свердловська міська рада міста обласного значення","http://atu.minregion.gov.ua/ua/ustriy_page/998","Луганська область"
"999","Сєвєродонецька міська рада міста обласного значення","http://atu.minregion.gov.ua/ua/ustriy_page/999","Луганська область"
"1000","Стахановська міська рада міста обласного значення","http://atu.minregion.gov.ua/ua/ustriy_page/1000","Луганська область"
"512","Бродівський район","http://atu.minregion.gov.ua/ua/ustriy_page/512","Львівська область"
"513","Буський район","http://atu.minregion.gov.ua/ua/ustriy_page/513","Львівська область"
"514","Городоцький район","http://atu.minregion.gov.ua/ua/ustriy_page/514","Львівська область"
"515","Дрогобицький район","http://atu.minregion.gov.ua/ua/ustriy_page/515","Львівська область"
"389","Жидачівський район","http://atu.minregion.gov.ua/ua/ustriy_page/389","Львівська область"
"390","Жовківський район","http://atu.minregion.gov.ua/ua/ustriy_page/390","Львівська область"
"391","Золочівський район","http://atu.minregion.gov.ua/ua/ustriy_page/391","Львівська область"
"392","Кам'янка-Бузький район","http://atu.minregion.gov.ua/ua/ustriy_page/392","Львівська область"
"393","Миколаївський район","http://atu.minregion.gov.ua/ua/ustriy_page/393","Львівська область"
"516","Мостиський район","http://atu.minregion.gov.ua/ua/ustriy_page/516","Львівська область"
"517","Перемишлянський район","http://atu.minregion.gov.ua/ua/ustriy_page/517","Львівська область"
"518","Пустомитівський район","http://atu.minregion.gov.ua/ua/ustriy_page/518","Львівська область"
"519","Радехівський район","http://atu.minregion.gov.ua/ua/ustriy_page/519","Львівська область"
"520","Самбірський район","http://atu.minregion.gov.ua/ua/ustriy_page/520","Львівська область"
"521","Сколівський район","http://atu.minregion.gov.ua/ua/ustriy_page/521","Львівська область"
"24269","Сокальський район","http://atu.minregion.gov.ua/ua/ustriy_page/24269","Львівська область"
"525","Старосамбірський район","http://atu.minregion.gov.ua/ua/ustriy_page/525","Львівська область"
"526","Стрийський район","http://atu.minregion.gov.ua/ua/ustriy_page/526","Львівська область"
"527","Турківський район","http://atu.minregion.gov.ua/ua/ustriy_page/527","Львівська область"
"528","Яворівський район","http://atu.minregion.gov.ua/ua/ustriy_page/528","Львівська область"
"24271","Бориславська міська рада міста обласного значення","http://atu.minregion.gov.ua/ua/ustriy_page/24271","Львівська область"
"1013","Дрогобицька міська рада міста обласного значення","http://atu.minregion.gov.ua/ua/ustriy_page/1013","Львівська область"
"1011","Львівська міська рада міста обласного значення","http://atu.minregion.gov.ua/ua/ustriy_page/1011","Львівська область"
"774","Моршинська міська рада міста обласного значення","http://atu.minregion.gov.ua/ua/ustriy_page/774","Львівська область"
"624","Новороздольська міська рада міста обласного значення","http://atu.minregion.gov.ua/ua/ustriy_page/624","Львівська область"
"180","Самбірська міська рада міста обласного значення","http://atu.minregion.gov.ua/ua/ustriy_page/180","Львівська область"
"189","Стрийська міська рада міста обласного значення","http://atu.minregion.gov.ua/ua/ustriy_page/189","Львівська область"
"234","Трускавецька міська рада міста обласного значення","http://atu.minregion.gov.ua/ua/ustriy_page/234","Львівська область"
"24267","Червоноградська міська рада міста обласного значення","http://atu.minregion.gov.ua/ua/ustriy_page/24267","Львівська область"
"24222","Арбузинський район","http://atu.minregion.gov.ua/ua/ustriy_page/24222","Миколаївська область"
"405","Баштанський район","http://atu.minregion.gov.ua/ua/ustriy_page/405","Миколаївська область"
"530","Березанський район","http://atu.minregion.gov.ua/ua/ustriy_page/530","Миколаївська область"
"532","Березнегуватський район","http://atu.minregion.gov.ua/ua/ustriy_page/532","Миколаївська область"
"534","Братський район","http://atu.minregion.gov.ua/ua/ustriy_page/534","Миколаївська область"
"868","Веселинівський район","http://atu.minregion.gov.ua/ua/ustriy_page/868","Миколаївська область"
"415","Вітовський район","http://atu.minregion.gov.ua/ua/ustriy_page/415","Миколаївська область"
"748","Вознесенський район","http://atu.minregion.gov.ua/ua/ustriy_page/748","Миколаївська область"
"536","Врадіївський район","http://atu.minregion.gov.ua/ua/ustriy_page/536","Миколаївська область"
"542","Доманівський район","http://atu.minregion.gov.ua/ua/ustriy_page/542","Миколаївська область"
"410","Єланецький район","http://atu.minregion.gov.ua/ua/ustriy_page/410","Миколаївська область"
"863","Казанківський район","http://atu.minregion.gov.ua/ua/ustriy_page/863","Миколаївська область"
"545","Кривоозерський район","http://atu.minregion.gov.ua/ua/ustriy_page/545","Миколаївська область"
"547","Миколаївський район","http://atu.minregion.gov.ua/ua/ustriy_page/547","Миколаївська область"
"867","Новобузький район","http://atu.minregion.gov.ua/ua/ustriy_page/867","Миколаївська область"
"549","Новоодеський район","http://atu.minregion.gov.ua/ua/ustriy_page/549","Миколаївська область"
"550","Очаківський район","http://atu.minregion.gov.ua/ua/ustriy_page/550","Миколаївська область"
"871","Первомайський район","http://atu.minregion.gov.ua/ua/ustriy_page/871","Миколаївська область"
"552","Снігурівський район","http://atu.minregion.gov.ua/ua/ustriy_page/552","Миколаївська область"
"1023","Вознесенська міська рада міста обласного значення","http://atu.minregion.gov.ua/ua/ustriy_page/1023","Миколаївська область"
"1022","Миколаївська міська рада міста обласного значення","http://atu.minregion.gov.ua/ua/ustriy_page/1022","Миколаївська область"
"1025","Очаківська міська рада міста обласного значення","http://atu.minregion.gov.ua/ua/ustriy_page/1025","Миколаївська область"
"1026","Первомайська міська рада міста обласного значення","http://atu.minregion.gov.ua/ua/ustriy_page/1026","Миколаївська область"
"1027","Южноукраїнська міська рада міста обласного значення","http://atu.minregion.gov.ua/ua/ustriy_page/1027","Миколаївська область"
"554","Ананьївський район","http://atu.minregion.gov.ua/ua/ustriy_page/554","Одеська область"
"555","Арцизький район","http://atu.minregion.gov.ua/ua/ustriy_page/555","Одеська область"
"556","Балтський район","http://atu.minregion.gov.ua/ua/ustriy_page/556","Одеська область"
"535","Березівський район","http://atu.minregion.gov.ua/ua/ustriy_page/535","Одеська область"
"595","Білгород-Дністровський район","http://atu.minregion.gov.ua/ua/ustriy_page/595","Одеська область"
"882","Біляївський район","http://atu.minregion.gov.ua/ua/ustriy_page/882","Одеська область"
"598","Болградський район","http://atu.minregion.gov.ua/ua/ustriy_page/598","Одеська область"
"599","Великомихайлівський район","http://atu.minregion.gov.ua/ua/ustriy_page/599","Одеська область"
"268","Захарівський район","http://atu.minregion.gov.ua/ua/ustriy_page/268","Одеська область"
"596","Іванівський район","http://atu.minregion.gov.ua/ua/ustriy_page/596","Одеська область"
"597","Ізмаїльський район","http://atu.minregion.gov.ua/ua/ustriy_page/597","Одеська область"
"600","Кілійський район","http://atu.minregion.gov.ua/ua/ustriy_page/600","Одеська область"
"601","Кодимський район","http://atu.minregion.gov.ua/ua/ustriy_page/601","Одеська область"
"602","Лиманський район","http://atu.minregion.gov.ua/ua/ustriy_page/602","Одеська область"
"607","Любашівський район","http://atu.minregion.gov.ua/ua/ustriy_page/607","Одеська область"
"608","Миколаївський район","http://atu.minregion.gov.ua/ua/ustriy_page/608","Одеська область"
"881","Овідіопольський район","http://atu.minregion.gov.ua/ua/ustriy_page/881","Одеська область"
"604","Окнянський район","http://atu.minregion.gov.ua/ua/ustriy_page/604","Одеська область"
"747","Подільський район","http://atu.minregion.gov.ua/ua/ustriy_page/747","Одеська область"
"609","Ренійський район","http://atu.minregion.gov.ua/ua/ustriy_page/609","Одеська область"
"614","Роздільнянський район","http://atu.minregion.gov.ua/ua/ustriy_page/614","Одеська область"
"617","Савранський район","http://atu.minregion.gov.ua/ua/ustriy_page/617","Одеська область"
"242","Саратський район","http://atu.minregion.gov.ua/ua/ustriy_page/242","Одеська область"
"620","Тарутинський район","http://atu.minregion.gov.ua/ua/ustriy_page/620","Одеська область"
"623","Татарбунарський район","http://atu.minregion.gov.ua/ua/ustriy_page/623","Одеська область"
"503","Ширяївський район","http://atu.minregion.gov.ua/ua/ustriy_page/503","Одеська область"
"1049","Білгород-Дністровська міська рада міста обласного значення","http://atu.minregion.gov.ua/ua/ustriy_page/1049","Одеська область"
"1050","Ізмаїльська міська рада міста обласного значення","http://atu.minregion.gov.ua/ua/ustriy_page/1050","Одеська область"
"1051","Іллічівська міська рада міста обласного значення","http://atu.minregion.gov.ua/ua/ustriy_page/1051","Одеська область"
"1028","Котовська міська рада міста обласного значення","http://atu.minregion.gov.ua/ua/ustriy_page/1028","Одеська область"
"1047","Одеська міська рада міста обласного значення","http://atu.minregion.gov.ua/ua/ustriy_page/1047","Одеська область"
"1029","Теплодарська міська рада міста обласного значення","http://atu.minregion.gov.ua/ua/ustriy_page/1029","Одеська область"
"1030","Южненська міська рада міста обласного значення","http://atu.minregion.gov.ua/ua/ustriy_page/1030","Одеська область"
"625","Великобагачанський район","http://atu.minregion.gov.ua/ua/ustriy_page/625","Полтавська область"
"627","Гадяцький район","http://atu.minregion.gov.ua/ua/ustriy_page/627","Полтавська область"
"628","Глобинський район","http://atu.minregion.gov.ua/ua/ustriy_page/628","Полтавська область"
"540","Гребінківський район","http://atu.minregion.gov.ua/ua/ustriy_page/540","Полтавська область"
"630","Диканський район","http://atu.minregion.gov.ua/ua/ustriy_page/630","Полтавська область"
"631","Зіньківський район","http://atu.minregion.gov.ua/ua/ustriy_page/631","Полтавська область"
"461","Карлівський район","http://atu.minregion.gov.ua/ua/ustriy_page/461","Полтавська область"
"633","Кобеляцький район","http://atu.minregion.gov.ua/ua/ustriy_page/633","Полтавська область"
"636","Козельщинський район","http://atu.minregion.gov.ua/ua/ustriy_page/636","Полтавська область"
"537","Котелевський район","http://atu.minregion.gov.ua/ua/ustriy_page/537","Полтавська область"
"538","Кременчуцький район","http://atu.minregion.gov.ua/ua/ustriy_page/538","Полтавська область"
"539","Лохвицький район","http://atu.minregion.gov.ua/ua/ustriy_page/539","Полтавська область"
"738","Лубенський район","http://atu.minregion.gov.ua/ua/ustriy_page/738","Полтавська область"
"561","Машівський район","http://atu.minregion.gov.ua/ua/ustriy_page/561","Полтавська область"
"850","Миргородський район","http://atu.minregion.gov.ua/ua/ustriy_page/850","Полтавська область"
"564","Новосанжарський район","http://atu.minregion.gov.ua/ua/ustriy_page/564","Полтавська область"
"565","Оржицький район","http://atu.minregion.gov.ua/ua/ustriy_page/565","Полтавська область"
"567","Пирятинський район","http://atu.minregion.gov.ua/ua/ustriy_page/567","Полтавська область"
"568","Полтавський район","http://atu.minregion.gov.ua/ua/ustriy_page/568","Полтавська область"
"577","Решетилівський район","http://atu.minregion.gov.ua/ua/ustriy_page/577","Полтавська область"
"578","Семенівський район","http://atu.minregion.gov.ua/ua/ustriy_page/578","Полтавська область"
"581","Хорольський район","http://atu.minregion.gov.ua/ua/ustriy_page/581","Полтавська область"
"583","Чорнухинський район","http://atu.minregion.gov.ua/ua/ustriy_page/583","Полтавська область"
"587","Чутівський район","http://atu.minregion.gov.ua/ua/ustriy_page/587","Полтавська область"
"591","Шишацький район","http://atu.minregion.gov.ua/ua/ustriy_page/591","Полтавська область"
"1063","Гадяцька міська рада міста обласного значення","http://atu.minregion.gov.ua/ua/ustriy_page/1063","Полтавська область"
"1036","Комсомольська міська рада міста обласного значення","http://atu.minregion.gov.ua/ua/ustriy_page/1036","Полтавська область"
"1068","Кременчуцька міська рада міста обласного значення","http://atu.minregion.gov.ua/ua/ustriy_page/1068","Полтавська область"
"1069","Лубенська міська рада міста обласного значення","http://atu.minregion.gov.ua/ua/ustriy_page/1069","Полтавська область"
"1048","Миргородська міська рада міста обласного значення","http://atu.minregion.gov.ua/ua/ustriy_page/1048","Полтавська область"
"1065","Полтавська міська рада міста обласного значення","http://atu.minregion.gov.ua/ua/ustriy_page/1065","Полтавська область"
"637","Березнівський район","http://atu.minregion.gov.ua/ua/ustriy_page/637","Рівненська область"
"638","Володимирецький район","http://atu.minregion.gov.ua/ua/ustriy_page/638","Рівненська область"
"639","Гощанський район","http://atu.minregion.gov.ua/ua/ustriy_page/639","Рівненська область"
"641","Демидівський район","http://atu.minregion.gov.ua/ua/ustriy_page/641","Рівненська область"
"642","Дубенський район","http://atu.minregion.gov.ua/ua/ustriy_page/642","Рівненська область"
"643","Дубровицький район","http://atu.minregion.gov.ua/ua/ustriy_page/643","Рівненська область"
"644","Зарічненський район","http://atu.minregion.gov.ua/ua/ustriy_page/644","Рівненська область"
"649","Здолбунівський район","http://atu.minregion.gov.ua/ua/ustriy_page/649","Рівненська область"
"650","Корецький район","http://atu.minregion.gov.ua/ua/ustriy_page/650","Рівненська область"
"651","Костопільський район","http://atu.minregion.gov.ua/ua/ustriy_page/651","Рівненська область"
"463","Млинівський район","http://atu.minregion.gov.ua/ua/ustriy_page/463","Рівненська область"
"464","Острозький район","http://atu.minregion.gov.ua/ua/ustriy_page/464","Рівненська область"
"652","Радивилівський район","http://atu.minregion.gov.ua/ua/ustriy_page/652","Рівненська область"
"653","Рівненський район","http://atu.minregion.gov.ua/ua/ustriy_page/653","Рівненська область"
"654","Рокитнівський район","http://atu.minregion.gov.ua/ua/ustriy_page/654","Рівненська область"
"655","Сарненський район","http://atu.minregion.gov.ua/ua/ustriy_page/655","Рівненська область"
"1073","Дубенська міська рада міста обласного значення","http://atu.minregion.gov.ua/ua/ustriy_page/1073","Рівненська область"
"295","Кузнецовська міська рада міста обласного значення","http://atu.minregion.gov.ua/ua/ustriy_page/295","Рівненська область"
"447","Острозька міська рада міста обласного значення","http://atu.minregion.gov.ua/ua/ustriy_page/447","Рівненська область"
"1072","Рівненська міська рада міста обласного значення","http://atu.minregion.gov.ua/ua/ustriy_page/1072","Рівненська область"
"656","Білопільський район","http://atu.minregion.gov.ua/ua/ustriy_page/656","Сумська область"
"657","Буринський район","http://atu.minregion.gov.ua/ua/ustriy_page/657","Сумська область"
"658","Великописарівський район","http://atu.minregion.gov.ua/ua/ustriy_page/658","Сумська область"
"659","Глухівський район","http://atu.minregion.gov.ua/ua/ustriy_page/659","Сумська область"
"660","Конотопський район","http://atu.minregion.gov.ua/ua/ustriy_page/660","Сумська область"
"661","Краснопільський район","http://atu.minregion.gov.ua/ua/ustriy_page/661","Сумська область"
"662","Кролевецький район","http://atu.minregion.gov.ua/ua/ustriy_page/662","Сумська область"
"663","Лебединський район","http://atu.minregion.gov.ua/ua/ustriy_page/663","Сумська область"
"665","Липоводолинський район","http://atu.minregion.gov.ua/ua/ustriy_page/665","Сумська область"
"668","Недригайлівський район","http://atu.minregion.gov.ua/ua/ustriy_page/668","Сумська область"
"669","Охтирський район","http://atu.minregion.gov.ua/ua/ustriy_page/669","Сумська область"
"670","Путивльський район","http://atu.minregion.gov.ua/ua/ustriy_page/670","Сумська область"
"671","Роменський район","http://atu.minregion.gov.ua/ua/ustriy_page/671","Сумська область"
"672","Середино-Будський район","http://atu.minregion.gov.ua/ua/ustriy_page/672","Сумська область"
"673","Сумський район","http://atu.minregion.gov.ua/ua/ustriy_page/673","Сумська область"
"674","Тростянецький район","http://atu.minregion.gov.ua/ua/ustriy_page/674","Сумська область"
"675","Шосткинський район","http://atu.minregion.gov.ua/ua/ustriy_page/675","Сумська область"
"676","Ямпільський район","http://atu.minregion.gov.ua/ua/ustriy_page/676","Сумська область"
"1086","Глухівська міська рада міста обласного значення","http://atu.minregion.gov.ua/ua/ustriy_page/1086","Сумська область"
"1087","Конотопська міська рада міста обласного значення","http://atu.minregion.gov.ua/ua/ustriy_page/1087","Сумська область"
"1090","Лебединська міська рада міста обласного значення","http://atu.minregion.gov.ua/ua/ustriy_page/1090","Сумська область"
"1085","Охтирська міська рада міста обласного значення","http://atu.minregion.gov.ua/ua/ustriy_page/1085","Сумська область"
"1091","Роменська міська рада міста обласного значення","http://atu.minregion.gov.ua/ua/ustriy_page/1091","Сумська область"
"24084","Сумська міська рада міста обласного значення","http://atu.minregion.gov.ua/ua/ustriy_page/24084","Сумська область"
"1088","Шосткинська міська рада міста обласного значення","http://atu.minregion.gov.ua/ua/ustriy_page/1088","Сумська область"
"679","Бережанський район","http://atu.minregion.gov.ua/ua/ustriy_page/679","Тернопільська область"
"680","Борщівський район","http://atu.minregion.gov.ua/ua/ustriy_page/680","Тернопільська область"
"842","Бучацький район","http://atu.minregion.gov.ua/ua/ustriy_page/842","Тернопільська область"
"681","Гусятинський район","http://atu.minregion.gov.ua/ua/ustriy_page/681","Тернопільська область"
"683","Заліщицький район","http://atu.minregion.gov.ua/ua/ustriy_page/683","Тернопільська область"
"686","Збаразький район","http://atu.minregion.gov.ua/ua/ustriy_page/686","Тернопільська область"
"689","Зборівський район","http://atu.minregion.gov.ua/ua/ustriy_page/689","Тернопільська область"
"691","Козівський район","http://atu.minregion.gov.ua/ua/ustriy_page/691","Тернопільська область"
"694","Кременецький район","http://atu.minregion.gov.ua/ua/ustriy_page/694","Тернопільська область"
"697","Лановецький район","http://atu.minregion.gov.ua/ua/ustriy_page/697","Тернопільська область"
"699","Монастириський район","http://atu.minregion.gov.ua/ua/ustriy_page/699","Тернопільська область"
"700","Підволочиський район","http://atu.minregion.gov.ua/ua/ustriy_page/700","Тернопільська область"
"406","Підгаєцький район","http://atu.minregion.gov.ua/ua/ustriy_page/406","Тернопільська область"
"704","Теребовлянський район","http://atu.minregion.gov.ua/ua/ustriy_page/704","Тернопільська область"
"705","Тернопільський район","http://atu.minregion.gov.ua/ua/ustriy_page/705","Тернопільська область"
"707","Чортківський район","http://atu.minregion.gov.ua/ua/ustriy_page/707","Тернопільська область"
"708","Шумський район","http://atu.minregion.gov.ua/ua/ustriy_page/708","Тернопільська область"
"1105","Бережанська міська рада міста обласного значення","http://atu.minregion.gov.ua/ua/ustriy_page/1105","Тернопільська область"
"1092","Кременецька міська рада міста обласного значення","http://atu.minregion.gov.ua/ua/ustriy_page/1092","Тернопільська область"
"1104","Тернопільська міська рада міста обласного значення","http://atu.minregion.gov.ua/ua/ustriy_page/1104","Тернопільська область"
"1119","Чортківська міська рада міста обласного значення","http://atu.minregion.gov.ua/ua/ustriy_page/1119","Тернопільська область"
"709","Балаклійський район","http://atu.minregion.gov.ua/ua/ustriy_page/709","Харківська область"
"710","Барвінківський район","http://atu.minregion.gov.ua/ua/ustriy_page/710","Харківська область"
"712","Близнюківський район","http://atu.minregion.gov.ua/ua/ustriy_page/712","Харківська область"
"713","Богодухівський район","http://atu.minregion.gov.ua/ua/ustriy_page/713","Харківська область"
"715","Борівський район","http://atu.minregion.gov.ua/ua/ustriy_page/715","Харківська область"
"716","Валківський район","http://atu.minregion.gov.ua/ua/ustriy_page/716","Харківська область"
"717","Великобурлуцький район","http://atu.minregion.gov.ua/ua/ustriy_page/717","Харківська область"
"718","Вовчанський район","http://atu.minregion.gov.ua/ua/ustriy_page/718","Харківська область"
"721","Дворічанський район","http://atu.minregion.gov.ua/ua/ustriy_page/721","Харківська область"
"722","Дергачівський район","http://atu.minregion.gov.ua/ua/ustriy_page/722","Харківська область"
"723","Зачепилівський район","http://atu.minregion.gov.ua/ua/ustriy_page/723","Харківська область"
"724","Зміївський район","http://atu.minregion.gov.ua/ua/ustriy_page/724","Харківська область"
"725","Золочівський район","http://atu.minregion.gov.ua/ua/ustriy_page/725","Харківська область"
"726","Ізюмський район","http://atu.minregion.gov.ua/ua/ustriy_page/726","Харківська область"
"728","Кегичівський район","http://atu.minregion.gov.ua/ua/ustriy_page/728","Харківська область"
"730","Коломацький район","http://atu.minregion.gov.ua/ua/ustriy_page/730","Харківська область"
"732","Красноградський район","http://atu.minregion.gov.ua/ua/ustriy_page/732","Харківська область"
"733","Краснокутський район","http://atu.minregion.gov.ua/ua/ustriy_page/733","Харківська область"
"734","Куп'янський район","http://atu.minregion.gov.ua/ua/ustriy_page/734","Харківська область"
"735","Лозівський район","http://atu.minregion.gov.ua/ua/ustriy_page/735","Харківська область"
"736","Нововодолазький район","http://atu.minregion.gov.ua/ua/ustriy_page/736","Харківська область"
"737","Первомайський район","http://atu.minregion.gov.ua/ua/ustriy_page/737","Харківська область"
"741","Печенізький район","http://atu.minregion.gov.ua/ua/ustriy_page/741","Харківська область"
"742","Сахновщинський район","http://atu.minregion.gov.ua/ua/ustriy_page/742","Харківська область"
"743","Харківський район","http://atu.minregion.gov.ua/ua/ustriy_page/743","Харківська область"
"744","Чугуївський район","http://atu.minregion.gov.ua/ua/ustriy_page/744","Харківська область"
"749","Шевченківський район","http://atu.minregion.gov.ua/ua/ustriy_page/749","Харківська область"
"1037","Ізюмська міська рада міста обласного значення","http://atu.minregion.gov.ua/ua/ustriy_page/1037","Харківська область"
"1038","Куп'янська міська рада міста обласного значення","http://atu.minregion.gov.ua/ua/ustriy_page/1038","Харківська область"
"24198","Лозівська міська рада міста обласного значення","http://atu.minregion.gov.ua/ua/ustriy_page/24198","Харківська область"
"1040","Люботинська міська рада міста обласного значення","http://atu.minregion.gov.ua/ua/ustriy_page/1040","Харківська область"
"1041","Первомайська міська рада міста обласного значення","http://atu.minregion.gov.ua/ua/ustriy_page/1041","Харківська область"
"1035","Харківська міська рада міста обласного значення","http://atu.minregion.gov.ua/ua/ustriy_page/1035","Харківська область"
"1042","Чугуївська міська рада міста обласного значення","http://atu.minregion.gov.ua/ua/ustriy_page/1042","Харківська область"
"751","Бериславський район","http://atu.minregion.gov.ua/ua/ustriy_page/751","Херсонська область"
"24244","Білозерський район","http://atu.minregion.gov.ua/ua/ustriy_page/24244","Херсонська область"
"467","Великолепетиський район","http://atu.minregion.gov.ua/ua/ustriy_page/467","Херсонська область"
"468","Великоолександрівський район","http://atu.minregion.gov.ua/ua/ustriy_page/468","Херсонська область"
"472","Верхньорогачицький район","http://atu.minregion.gov.ua/ua/ustriy_page/472","Херсонська область"
"754","Високопільський район","http://atu.minregion.gov.ua/ua/ustriy_page/754","Херсонська область"
"755","Генічеський район","http://atu.minregion.gov.ua/ua/ustriy_page/755","Херсонська область"
"756","Голопристанський район","http://atu.minregion.gov.ua/ua/ustriy_page/756","Херсонська область"
"492","Горностаївський район","http://atu.minregion.gov.ua/ua/ustriy_page/492","Херсонська область"
"499","Іванівський район","http://atu.minregion.gov.ua/ua/ustriy_page/499","Херсонська область"
"500","Каланчацький район","http://atu.minregion.gov.ua/ua/ustriy_page/500","Херсонська область"
"759","Каховський район","http://atu.minregion.gov.ua/ua/ustriy_page/759","Херсонська область"
"553","Нижньосірогозький район","http://atu.minregion.gov.ua/ua/ustriy_page/553","Херсонська область"
"731","Нововоронцовський район","http://atu.minregion.gov.ua/ua/ustriy_page/731","Херсонська область"
"557","Новотроїцький район","http://atu.minregion.gov.ua/ua/ustriy_page/557","Херсонська область"
"559","Олешківський район","http://atu.minregion.gov.ua/ua/ustriy_page/559","Херсонська область"
"558","Скадовський район","http://atu.minregion.gov.ua/ua/ustriy_page/558","Херсонська область"
"560","Чаплинський район","http://atu.minregion.gov.ua/ua/ustriy_page/560","Херсонська область"
"1136","Голопристанська міська рада міста обласного значення","http://atu.minregion.gov.ua/ua/ustriy_page/1136","Херсонська область"
"1135","Каховська міська рада міста обласного значення","http://atu.minregion.gov.ua/ua/ustriy_page/1135","Херсонська область"
"1121","Новокаховська міська рада міста обласного значення","http://atu.minregion.gov.ua/ua/ustriy_page/1121","Херсонська область"
"24243","Херсонська міська рада міста обласного значення","http://atu.minregion.gov.ua/ua/ustriy_page/24243","Херсонська область"
"838","Білогірський район","http://atu.minregion.gov.ua/ua/ustriy_page/838","Хмельницька область"
"761","Віньковецький район","http://atu.minregion.gov.ua/ua/ustriy_page/761","Хмельницька область"
"762","Волочиський район","http://atu.minregion.gov.ua/ua/ustriy_page/762","Хмельницька область"
"764","Городоцький район","http://atu.minregion.gov.ua/ua/ustriy_page/764","Хмельницька область"
"765","Деражнянський район","http://atu.minregion.gov.ua/ua/ustriy_page/765","Хмельницька область"
"766","Дунаєвецький район","http://atu.minregion.gov.ua/ua/ustriy_page/766","Хмельницька область"
"768","Ізяславський район","http://atu.minregion.gov.ua/ua/ustriy_page/768","Хмельницька область"
"769","Кам'янець-Подільський район","http://atu.minregion.gov.ua/ua/ustriy_page/769","Хмельницька область"
"857","Красилівський район","http://atu.minregion.gov.ua/ua/ustriy_page/857","Хмельницька область"
"562","Летичівський район","http://atu.minregion.gov.ua/ua/ustriy_page/562","Хмельницька область"
"770","Новоушицький район","http://atu.minregion.gov.ua/ua/ustriy_page/770","Хмельницька область"
"771","Полонський район","http://atu.minregion.gov.ua/ua/ustriy_page/771","Хмельницька область"
"772","Славутський район","http://atu.minregion.gov.ua/ua/ustriy_page/772","Хмельницька область"
"773","Старокостянтинівський район","http://atu.minregion.gov.ua/ua/ustriy_page/773","Хмельницька область"
"775","Старосинявський район","http://atu.minregion.gov.ua/ua/ustriy_page/775","Хмельницька область"
"777","Теофіпольський район","http://atu.minregion.gov.ua/ua/ustriy_page/777","Хмельницька область"
"778","Хмельницький район","http://atu.minregion.gov.ua/ua/ustriy_page/778","Хмельницька область"
"779","Чемеровецький район","http://atu.minregion.gov.ua/ua/ustriy_page/779","Хмельницька область"
"780","Шепетівський район","http://atu.minregion.gov.ua/ua/ustriy_page/780","Хмельницька область"
"782","Ярмолинецький район","http://atu.minregion.gov.ua/ua/ustriy_page/782","Хмельницька область"
"1141","Кам'янець-Подільська міська рада міста обласного значення","http://atu.minregion.gov.ua/ua/ustriy_page/1141","Хмельницька область"
"1142","Нетішинська міська рада міста обласного значення","http://atu.minregion.gov.ua/ua/ustriy_page/1142","Хмельницька область"
"1143","Славутська міська рада міста обласного значення","http://atu.minregion.gov.ua/ua/ustriy_page/1143","Хмельницька область"
"1145","Старокостянтинівська міська рада міста обласного значення","http://atu.minregion.gov.ua/ua/ustriy_page/1145","Хмельницька область"
"1140","Хмельницька міська рада міста обласного значення","http://atu.minregion.gov.ua/ua/ustriy_page/1140","Хмельницька область"
"1099","Шепетівська міська рада міста обласного значення","http://atu.minregion.gov.ua/ua/ustriy_page/1099","Хмельницька область"
"783","Городищенський район","http://atu.minregion.gov.ua/ua/ustriy_page/783","Черкаська область"
"785","Драбівський район","http://atu.minregion.gov.ua/ua/ustriy_page/785","Черкаська область"
"786","Жашківський район","http://atu.minregion.gov.ua/ua/ustriy_page/786","Черкаська область"
"787","Звенигородський район","http://atu.minregion.gov.ua/ua/ustriy_page/787","Черкаська область"
"848","Золотоніський район","http://atu.minregion.gov.ua/ua/ustriy_page/848","Черкаська область"
"789","Кам'янський район","http://atu.minregion.gov.ua/ua/ustriy_page/789","Черкаська область"
"790","Канівський район","http://atu.minregion.gov.ua/ua/ustriy_page/790","Черкаська область"
"792","Катеринопільський район","http://atu.minregion.gov.ua/ua/ustriy_page/792","Черкаська область"
"793","Корсунь-Шевченківський район","http://atu.minregion.gov.ua/ua/ustriy_page/793","Черкаська область"
"795","Лисянський район","http://atu.minregion.gov.ua/ua/ustriy_page/795","Черкаська область"
"797","Маньківський район","http://atu.minregion.gov.ua/ua/ustriy_page/797","Черкаська область"
"798","Монастирищенський район","http://atu.minregion.gov.ua/ua/ustriy_page/798","Черкаська область"
"799","Смілянський район","http://atu.minregion.gov.ua/ua/ustriy_page/799","Черкаська область"
"800","Тальнівський район","http://atu.minregion.gov.ua/ua/ustriy_page/800","Черкаська область"
"801","Уманський район","http://atu.minregion.gov.ua/ua/ustriy_page/801","Черкаська область"
"802","Христинівський район","http://atu.minregion.gov.ua/ua/ustriy_page/802","Черкаська область"
"803","Черкаський район","http://atu.minregion.gov.ua/ua/ustriy_page/803","Черкаська область"
"804","Чигиринський район","http://atu.minregion.gov.ua/ua/ustriy_page/804","Черкаська область"
"805","Чорнобаївський район","http://atu.minregion.gov.ua/ua/ustriy_page/805","Черкаська область"
"806","Шполянський район","http://atu.minregion.gov.ua/ua/ustriy_page/806","Черкаська область"
"1150","Ватутінська міська рада міста обласного значення","http://atu.minregion.gov.ua/ua/ustriy_page/1150","Черкаська область"
"1152","Золотоніська міська рада міста обласного значення","http://atu.minregion.gov.ua/ua/ustriy_page/1152","Черкаська область"
"1151","Канівська міська рада міста обласного значення","http://atu.minregion.gov.ua/ua/ustriy_page/1151","Черкаська область"
"1153","Смілянська міська рада міста обласного значення","http://atu.minregion.gov.ua/ua/ustriy_page/1153","Черкаська область"
"1155","Уманська міська рада міста обласного значення","http://atu.minregion.gov.ua/ua/ustriy_page/1155","Черкаська область"
"271","Черкаська міська рада міста обласного значення","http://atu.minregion.gov.ua/ua/ustriy_page/271","Черкаська область"
"807","Вижницький район","http://atu.minregion.gov.ua/ua/ustriy_page/807","Чернівецька область"
"808","Герцаївський район","http://atu.minregion.gov.ua/ua/ustriy_page/808","Чернівецька область"
"810","Глибоцький район","http://atu.minregion.gov.ua/ua/ustriy_page/810","Чернівецька область"
"813","Заставнівський район","http://atu.minregion.gov.ua/ua/ustriy_page/813","Чернівецька область"
"815","Кельменецький район","http://atu.minregion.gov.ua/ua/ustriy_page/815","Чернівецька область"
"816","Кіцманський район","http://atu.minregion.gov.ua/ua/ustriy_page/816","Чернівецька область"
"817","Новоселицький район","http://atu.minregion.gov.ua/ua/ustriy_page/817","Чернівецька область"
"818","Путильський район","http://atu.minregion.gov.ua/ua/ustriy_page/818","Чернівецька область"
"819","Сокирянський район","http://atu.minregion.gov.ua/ua/ustriy_page/819","Чернівецька область"
"820","Сторожинецький район","http://atu.minregion.gov.ua/ua/ustriy_page/820","Чернівецька область"
"822","Хотинський район","http://atu.minregion.gov.ua/ua/ustriy_page/822","Чернівецька область"
"1169","Новодністровська міська рада міста обласного значення","http://atu.minregion.gov.ua/ua/ustriy_page/1169","Чернівецька область"
"1168","Чернівецька міська рада міста обласного значення","http://atu.minregion.gov.ua/ua/ustriy_page/1168","Чернівецька область"
"823","Бахмацький район","http://atu.minregion.gov.ua/ua/ustriy_page/823","Чернігівська область"
"852","Бобровицький район","http://atu.minregion.gov.ua/ua/ustriy_page/852","Чернігівська область"
"824","Борзнянський район","http://atu.minregion.gov.ua/ua/ustriy_page/824","Чернігівська область"
"825","Варвинський район","http://atu.minregion.gov.ua/ua/ustriy_page/825","Чернігівська область"
"826","Городнянський район","http://atu.minregion.gov.ua/ua/ustriy_page/826","Чернігівська область"
"828","Ічнянський район","http://atu.minregion.gov.ua/ua/ustriy_page/828","Чернігівська область"
"854","Козелецький район","http://atu.minregion.gov.ua/ua/ustriy_page/854","Чернігівська область"
"829","Коропський район","http://atu.minregion.gov.ua/ua/ustriy_page/829","Чернігівська область"
"830","Корюківський район","http://atu.minregion.gov.ua/ua/ustriy_page/830","Чернігівська область"
"831","Куликівський район","http://atu.minregion.gov.ua/ua/ustriy_page/831","Чернігівська область"
"566","Менський район","http://atu.minregion.gov.ua/ua/ustriy_page/566","Чернігівська область"
"569","Ніжинський район","http://atu.minregion.gov.ua/ua/ustriy_page/569","Чернігівська область"
"570","Новгород-Сіверський район","http://atu.minregion.gov.ua/ua/ustriy_page/570","Чернігівська область"
"571","Носівський район","http://atu.minregion.gov.ua/ua/ustriy_page/571","Чернігівська область"
"572","Прилуцький район","http://atu.minregion.gov.ua/ua/ustriy_page/572","Чернігівська область"
"573","Ріпкинський район","http://atu.minregion.gov.ua/ua/ustriy_page/573","Чернігівська область"
"574","Семенівський район","http://atu.minregion.gov.ua/ua/ustriy_page/574","Чернігівська область"
"836","Сновський район","http://atu.minregion.gov.ua/ua/ustriy_page/836","Чернігівська область"
"575","Сосницький район","http://atu.minregion.gov.ua/ua/ustriy_page/575","Чернігівська область"
"832","Срібнянський район","http://atu.minregion.gov.ua/ua/ustriy_page/832","Чернігівська область"
"834","Талалаївський район","http://atu.minregion.gov.ua/ua/ustriy_page/834","Чернігівська область"
"835","Чернігівський район","http://atu.minregion.gov.ua/ua/ustriy_page/835","Чернігівська область"
"1183","Ніжинська міська рада міста обласного значення","http://atu.minregion.gov.ua/ua/ustriy_page/1183","Чернігівська область"
"1197","Новгород-Сіверська міська рада міста обласного значення","http://atu.minregion.gov.ua/ua/ustriy_page/1197","Чернігівська область"
"1184","Прилуцька міська рада міста обласного значення","http://atu.minregion.gov.ua/ua/ustriy_page/1184","Чернігівська область"
"1180","Чернігівська міська рада міста обласного значення","http://atu.minregion.gov.ua/ua/ustriy_page/1180","Чернігівська область"
"12014","Голосіївський район","http://atu.minregion.gov.ua/ua/ustriy_page/12014","м. Київ"
"12021","Дарницький район","http://atu.minregion.gov.ua/ua/ustriy_page/12021","м. Київ"
"12022","Деснянський район","http://atu.minregion.gov.ua/ua/ustriy_page/12022","м. Київ"
"12023","Дніпровський район","http://atu.minregion.gov.ua/ua/ustriy_page/12023","м. Київ"
"12024","Оболонський район","http://atu.minregion.gov.ua/ua/ustriy_page/12024","м. Київ"
"12015","Печерський район","http://atu.minregion.gov.ua/ua/ustriy_page/12015","м. Київ"
"12016","Подільський район","http://atu.minregion.gov.ua/ua/ustriy_page/12016","м. Київ"
"12017","Святошинський район","http://atu.minregion.gov.ua/ua/ustriy_page/12017","м. Київ"
"12018","Солом'янський район","http://atu.minregion.gov.ua/ua/ustriy_page/12018","м. Київ"
"12019","Шевченківський район","http://atu.minregion.gov.ua/ua/ustriy_page/12019","м. Київ"
"12020","Балаклавський район","http://atu.minregion.gov.ua/ua/ustriy_page/12020","м. Севастополь"
"12026","Гагарінський район","http://atu.minregion.gov.ua/ua/ustriy_page/12026","м. Севастополь"
"12027","Ленінський район","http://atu.minregion.gov.ua/ua/ustriy_page/12027","м. Севастополь"
"12028","Нахімовський район","http://atu.minregion.gov.ua/ua/ustriy_page/12028","м. Севастополь"
