"id","name","url","under","under_id"
"188","Бахчисарайський район","http://atu.minregion.gov.ua/ua/ustriy_page/188","Автономна Республіка Крим ","185"
"191","Білогірський район","http://atu.minregion.gov.ua/ua/ustriy_page/191","Автономна Республіка Крим ","185"
"192","Джанкойський район","http://atu.minregion.gov.ua/ua/ustriy_page/192","Автономна Республіка Крим ","185"
"197","Єдикуйський район","http://atu.minregion.gov.ua/ua/ustriy_page/197","Автономна Республіка Крим ","185"
"194","Іслямтерецький район","http://atu.minregion.gov.ua/ua/ustriy_page/194","Автономна Республіка Крим ","185"
"203","Ічкінський район","http://atu.minregion.gov.ua/ua/ustriy_page/203","Автономна Республіка Крим ","185"
"196","Курманський район","http://atu.minregion.gov.ua/ua/ustriy_page/196","Автономна Республіка Крим ","185"
"198","Нижньогірський район","http://atu.minregion.gov.ua/ua/ustriy_page/198","Автономна Республіка Крим ","185"
"199","Первомайський район","http://atu.minregion.gov.ua/ua/ustriy_page/199","Автономна Республіка Крим ","185"
"739","Перекопський район","http://atu.minregion.gov.ua/ua/ustriy_page/739","Автономна Республіка Крим ","185"
"200","Роздольненський район","http://atu.minregion.gov.ua/ua/ustriy_page/200","Автономна Республіка Крим ","185"
"202","Сакський район","http://atu.minregion.gov.ua/ua/ustriy_page/202","Автономна Республіка Крим ","185"
"883","Сімферопольський район","http://atu.minregion.gov.ua/ua/ustriy_page/883","Автономна Республіка Крим ","185"
"204","Чорноморський район","http://atu.minregion.gov.ua/ua/ustriy_page/204","Автономна Республіка Крим ","185"
"893","Алуштинська міська рада міста обласного значення","http://atu.minregion.gov.ua/ua/ustriy_page/893","Автономна Республіка Крим ","185"
"183","Армянська міська рада міста обласного значення","http://atu.minregion.gov.ua/ua/ustriy_page/183","Автономна Республіка Крим ","185"
"872","Джанкойська міська рада міста обласного значення","http://atu.minregion.gov.ua/ua/ustriy_page/872","Автономна Республіка Крим ","185"
"24315","Євпаторійська міська рада міста обласного значення","http://atu.minregion.gov.ua/ua/ustriy_page/24315","Автономна Республіка Крим ","185"
"880","Керченська міська рада міста обласного значення","http://atu.minregion.gov.ua/ua/ustriy_page/880","Автономна Республіка Крим ","185"
"179","Красноперекопська міська рада міста обласного значення","http://atu.minregion.gov.ua/ua/ustriy_page/179","Автономна Республіка Крим ","185"
"182","Сакська міська рада міста обласного значення","http://atu.minregion.gov.ua/ua/ustriy_page/182","Автономна Республіка Крим ","185"
"892","Сімферопольська міська рада міста обласного значення","http://atu.minregion.gov.ua/ua/ustriy_page/892","Автономна Республіка Крим ","185"
"195","Судацька міська рада міста обласного значення","http://atu.minregion.gov.ua/ua/ustriy_page/195","Автономна Республіка Крим ","185"
"193","Феодосійська міська рада міста обласного значення","http://atu.minregion.gov.ua/ua/ustriy_page/193","Автономна Республіка Крим ","185"
"215","Ялтинська міська рада міста обласного значення","http://atu.minregion.gov.ua/ua/ustriy_page/215","Автономна Республіка Крим ","185"
"205","Барський район","http://atu.minregion.gov.ua/ua/ustriy_page/205","Вінницька область","186"
"206","Бершадський район","http://atu.minregion.gov.ua/ua/ustriy_page/206","Вінницька область","186"
"207","Вінницький район","http://atu.minregion.gov.ua/ua/ustriy_page/207","Вінницька область","186"
"208","Гайсинський район","http://atu.minregion.gov.ua/ua/ustriy_page/208","Вінницька область","186"
"209","Жмеринський район","http://atu.minregion.gov.ua/ua/ustriy_page/209","Вінницька область","186"
"210","Іллінецький район","http://atu.minregion.gov.ua/ua/ustriy_page/210","Вінницька область","186"
"211","Калинівський район","http://atu.minregion.gov.ua/ua/ustriy_page/211","Вінницька область","186"
"213","Козятинський район","http://atu.minregion.gov.ua/ua/ustriy_page/213","Вінницька область","186"
"214","Крижопільський район","http://atu.minregion.gov.ua/ua/ustriy_page/214","Вінницька область","186"
"217","Липовецький район","http://atu.minregion.gov.ua/ua/ustriy_page/217","Вінницька область","186"
"839","Літинський район","http://atu.minregion.gov.ua/ua/ustriy_page/839","Вінницька область","186"
"218","Могилів-Подільський район","http://atu.minregion.gov.ua/ua/ustriy_page/218","Вінницька область","186"
"220","Мурованокуриловецький район","http://atu.minregion.gov.ua/ua/ustriy_page/220","Вінницька область","186"
"221","Немирівський район","http://atu.minregion.gov.ua/ua/ustriy_page/221","Вінницька область","186"
"224","Оратівський район","http://atu.minregion.gov.ua/ua/ustriy_page/224","Вінницька область","186"
"225","Піщанський район","http://atu.minregion.gov.ua/ua/ustriy_page/225","Вінницька область","186"
"227","Погребищенський район","http://atu.minregion.gov.ua/ua/ustriy_page/227","Вінницька область","186"
"229","Теплицький район","http://atu.minregion.gov.ua/ua/ustriy_page/229","Вінницька область","186"
"233","Тиврівський район","http://atu.minregion.gov.ua/ua/ustriy_page/233","Вінницька область","186"
"235","Томашпільський район","http://atu.minregion.gov.ua/ua/ustriy_page/235","Вінницька область","186"
"237","Тростянецький район","http://atu.minregion.gov.ua/ua/ustriy_page/237","Вінницька область","186"
"238","Тульчинський район","http://atu.minregion.gov.ua/ua/ustriy_page/238","Вінницька область","186"
"239","Хмільницький район","http://atu.minregion.gov.ua/ua/ustriy_page/239","Вінницька область","186"
"241","Чернівецький район","http://atu.minregion.gov.ua/ua/ustriy_page/241","Вінницька область","186"
"244","Чечельницький район","http://atu.minregion.gov.ua/ua/ustriy_page/244","Вінницька область","186"
"246","Шаргородський район","http://atu.minregion.gov.ua/ua/ustriy_page/246","Вінницька область","186"
"247","Ямпільський район","http://atu.minregion.gov.ua/ua/ustriy_page/247","Вінницька область","186"
"763","Вінницька міська рада міста обласного значення","http://atu.minregion.gov.ua/ua/ustriy_page/763","Вінницька область","186"
"776","Жмеринська міська рада міста обласного значення","http://atu.minregion.gov.ua/ua/ustriy_page/776","Вінницька область","186"
"796","Козятинська міська рада міста обласного значення","http://atu.minregion.gov.ua/ua/ustriy_page/796","Вінницька область","186"
"809","Ладижинська міська рада міста обласного значення","http://atu.minregion.gov.ua/ua/ustriy_page/809","Вінницька область","186"
"784","Могилів-Подільська міська рада міста обласного значення","http://atu.minregion.gov.ua/ua/ustriy_page/784","Вінницька область","186"
"814","Хмільницька міська рада міста обласного значення","http://atu.minregion.gov.ua/ua/ustriy_page/814","Вінницька область","186"
"840","Володимир-Волинський район","http://atu.minregion.gov.ua/ua/ustriy_page/840","Волинська область","41"
"248","Горохівський район","http://atu.minregion.gov.ua/ua/ustriy_page/248","Волинська область","41"
"249","Іваничівський район","http://atu.minregion.gov.ua/ua/ustriy_page/249","Волинська область","41"
"250","Камінь-Каширський район","http://atu.minregion.gov.ua/ua/ustriy_page/250","Волинська область","41"
"251","Ківерцівський район","http://atu.minregion.gov.ua/ua/ustriy_page/251","Волинська область","41"
"252","Ковельський район","http://atu.minregion.gov.ua/ua/ustriy_page/252","Волинська область","41"
"254","Локачинський район","http://atu.minregion.gov.ua/ua/ustriy_page/254","Волинська область","41"
"255","Луцький район","http://atu.minregion.gov.ua/ua/ustriy_page/255","Волинська область","41"
"256","Любешівський район","http://atu.minregion.gov.ua/ua/ustriy_page/256","Волинська область","41"
"257","Любомльський район","http://atu.minregion.gov.ua/ua/ustriy_page/257","Волинська область","41"
"258","Маневицький район","http://atu.minregion.gov.ua/ua/ustriy_page/258","Волинська область","41"
"259","Ратнівський район","http://atu.minregion.gov.ua/ua/ustriy_page/259","Волинська область","41"
"260","Рожищенський район","http://atu.minregion.gov.ua/ua/ustriy_page/260","Волинська область","41"
"261","Старовижівський район","http://atu.minregion.gov.ua/ua/ustriy_page/261","Волинська область","41"
"262","Турійський район","http://atu.minregion.gov.ua/ua/ustriy_page/262","Волинська область","41"
"263","Шацький район","http://atu.minregion.gov.ua/ua/ustriy_page/263","Волинська область","41"
"266","Володимир-Волинська міська рада міста обласного значення","http://atu.minregion.gov.ua/ua/ustriy_page/266","Волинська область","41"
"337","Ковельська міська рада міста обласного значення","http://atu.minregion.gov.ua/ua/ustriy_page/337","Волинська область","41"
"895","Луцька міська рада міста обласного значення","http://atu.minregion.gov.ua/ua/ustriy_page/895","Волинська область","41"
"338","Нововолинська міська рада міста обласного значення","http://atu.minregion.gov.ua/ua/ustriy_page/338","Волинська область","41"
"265","Апостолівський район","http://atu.minregion.gov.ua/ua/ustriy_page/265","Дніпропетровська область","42"
"267","Васильківський район","http://atu.minregion.gov.ua/ua/ustriy_page/267","Дніпропетровська область","42"
"272","Верхньодніпровський район","http://atu.minregion.gov.ua/ua/ustriy_page/272","Дніпропетровська область","42"
"273","Дніпровський район","http://atu.minregion.gov.ua/ua/ustriy_page/273","Дніпропетровська область","42"
"274","Криворізький район","http://atu.minregion.gov.ua/ua/ustriy_page/274","Дніпропетровська область","42"
"277","Криничанський район","http://atu.minregion.gov.ua/ua/ustriy_page/277","Дніпропетровська область","42"
"278","Магдалинівський район","http://atu.minregion.gov.ua/ua/ustriy_page/278","Дніпропетровська область","42"
"279","Межівський район","http://atu.minregion.gov.ua/ua/ustriy_page/279","Дніпропетровська область","42"
"280","Нікопольський район","http://atu.minregion.gov.ua/ua/ustriy_page/280","Дніпропетровська область","42"
"281","Новомосковський район","http://atu.minregion.gov.ua/ua/ustriy_page/281","Дніпропетровська область","42"
"282","Павлоградський район","http://atu.minregion.gov.ua/ua/ustriy_page/282","Дніпропетровська область","42"
"285","Петриківський район","http://atu.minregion.gov.ua/ua/ustriy_page/285","Дніпропетровська область","42"
"288","Петропавлівський район","http://atu.minregion.gov.ua/ua/ustriy_page/288","Дніпропетровська область","42"
"292","Покровський район","http://atu.minregion.gov.ua/ua/ustriy_page/292","Дніпропетровська область","42"
"293","П'ятихатський район","http://atu.minregion.gov.ua/ua/ustriy_page/293","Дніпропетровська область","42"
"296","Синельниківський район","http://atu.minregion.gov.ua/ua/ustriy_page/296","Дніпропетровська область","42"
"298","Солонянський район","http://atu.minregion.gov.ua/ua/ustriy_page/298","Дніпропетровська область","42"
"301","Софіївський район","http://atu.minregion.gov.ua/ua/ustriy_page/301","Дніпропетровська область","42"
"236","Томаківський район","http://atu.minregion.gov.ua/ua/ustriy_page/236","Дніпропетровська область","42"
"304","Царичанський район","http://atu.minregion.gov.ua/ua/ustriy_page/304","Дніпропетровська область","42"
"305","Широківський район","http://atu.minregion.gov.ua/ua/ustriy_page/305","Дніпропетровська область","42"
"308","Юр'ївський район","http://atu.minregion.gov.ua/ua/ustriy_page/308","Дніпропетровська область","42"
"898","Вільногірська міська рада міста обласного значення","http://atu.minregion.gov.ua/ua/ustriy_page/898","Дніпропетровська область","42"
"24081","Дніпровська міська рада міста обласного значення","http://atu.minregion.gov.ua/ua/ustriy_page/24081","Дніпропетровська область","42"
"404","Жовтоводська міська рада міста обласного значення","http://atu.minregion.gov.ua/ua/ustriy_page/404","Дніпропетровська область","42"
"401","Кам’янська міська рада міста обласного значення","http://atu.minregion.gov.ua/ua/ustriy_page/401","Дніпропетровська область","42"
"900","Криворізька міська рада міста обласного значення","http://atu.minregion.gov.ua/ua/ustriy_page/900","Дніпропетровська область","42"
"416","Марганецька міська рада міста обласного значення","http://atu.minregion.gov.ua/ua/ustriy_page/416","Дніпропетровська область","42"
"703","Нікопольська міська рада міста обласного значення","http://atu.minregion.gov.ua/ua/ustriy_page/703","Дніпропетровська область","42"
"902","Новомосковська міська рада міста обласного значення","http://atu.minregion.gov.ua/ua/ustriy_page/902","Дніпропетровська область","42"
"903","Орджонікідзевська міська рада міста обласного значення","http://atu.minregion.gov.ua/ua/ustriy_page/903","Дніпропетровська область","42"
"905","Павлоградська міська рада міста обласного значення","http://atu.minregion.gov.ua/ua/ustriy_page/905","Дніпропетровська область","42"
"906","Першотравенська міська рада міста обласного значення","http://atu.minregion.gov.ua/ua/ustriy_page/906","Дніпропетровська область","42"
"907","Синельниківська міська рада міста обласного значення","http://atu.minregion.gov.ua/ua/ustriy_page/907","Дніпропетровська область","42"
"908","Тернівська міська рада міста обласного значення","http://atu.minregion.gov.ua/ua/ustriy_page/908","Дніпропетровська область","42"
"309","Амвросіївський район","http://atu.minregion.gov.ua/ua/ustriy_page/309","Донецька область","43"
"24257","Бахмутський район","http://atu.minregion.gov.ua/ua/ustriy_page/24257","Донецька область","43"
"889","Бойківський район","http://atu.minregion.gov.ua/ua/ustriy_page/889","Донецька область","43"
"311","Великоновосілківський район","http://atu.minregion.gov.ua/ua/ustriy_page/311","Донецька область","43"
"888","Волноваський район","http://atu.minregion.gov.ua/ua/ustriy_page/888","Донецька область","43"
"313","Добропільський район","http://atu.minregion.gov.ua/ua/ustriy_page/313","Донецька область","43"
"314","Костянтинівський район","http://atu.minregion.gov.ua/ua/ustriy_page/314","Донецька область","43"
"851","Лиманський район","http://atu.minregion.gov.ua/ua/ustriy_page/851","Донецька область","43"
"319","Мангушський район","http://atu.minregion.gov.ua/ua/ustriy_page/319","Донецька область","43"
"316","Мар'їнський район","http://atu.minregion.gov.ua/ua/ustriy_page/316","Донецька область","43"
"312","Нікольський район","http://atu.minregion.gov.ua/ua/ustriy_page/312","Донецька область","43"
"890","Новоазовський район","http://atu.minregion.gov.ua/ua/ustriy_page/890","Донецька область","43"
"318","Олександрівський район","http://atu.minregion.gov.ua/ua/ustriy_page/318","Донецька область","43"
"315","Покровський район","http://atu.minregion.gov.ua/ua/ustriy_page/315","Донецька область","43"
"320","Слов'янський район","http://atu.minregion.gov.ua/ua/ustriy_page/320","Донецька область","43"
"321","Старобешівський район","http://atu.minregion.gov.ua/ua/ustriy_page/321","Донецька область","43"
"322","Шахтарський район","http://atu.minregion.gov.ua/ua/ustriy_page/322","Донецька область","43"
"323","Ясинуватський район","http://atu.minregion.gov.ua/ua/ustriy_page/323","Донецька область","43"
"912","Авдіївська міська рада міста обласного значення","http://atu.minregion.gov.ua/ua/ustriy_page/912","Донецька область","43"
"913","Бахмутська міська рада міста обласного значення","http://atu.minregion.gov.ua/ua/ustriy_page/913","Донецька область","43"
"927","Вугледарська міська рада міста обласного значення","http://atu.minregion.gov.ua/ua/ustriy_page/927","Донецька область","43"
"593","Горлівська міська рада міста обласного значення","http://atu.minregion.gov.ua/ua/ustriy_page/593","Донецька область","43"
"594","Дебальцівська міська рада міста обласного значення","http://atu.minregion.gov.ua/ua/ustriy_page/594","Донецька область","43"
"917","Добропільська міська рада міста обласного значення","http://atu.minregion.gov.ua/ua/ustriy_page/917","Донецька область","43"
"618","Докучаєвська міська рада міста обласного значення","http://atu.minregion.gov.ua/ua/ustriy_page/618","Донецька область","43"
"585","Донецька міська рада міста обласного значення","http://atu.minregion.gov.ua/ua/ustriy_page/585","Донецька область","43"
"24508","Дружківська міська рада міста обласного значення","http://atu.minregion.gov.ua/ua/ustriy_page/24508","Донецька область","43"
"626","Єнакієвська міська рада міста обласного значення","http://atu.minregion.gov.ua/ua/ustriy_page/626","Донецька область","43"
"919","Жданівська міська рада міста обласного значення","http://atu.minregion.gov.ua/ua/ustriy_page/919","Донецька область","43"
"640","Костянтинівська міська рада міста обласного значення","http://atu.minregion.gov.ua/ua/ustriy_page/640","Донецька область","43"
"924","Краматорська міська рада міста обласного значення","http://atu.minregion.gov.ua/ua/ustriy_page/924","Донецька область","43"
"647","Макіївська міська рада міста обласного значення","http://atu.minregion.gov.ua/ua/ustriy_page/647","Донецька область","43"
"24238","Маріупольська міська рада міста обласного значення","http://atu.minregion.gov.ua/ua/ustriy_page/24238","Донецька область","43"
"610","Мирноградська міська рада міста обласного значення","http://atu.minregion.gov.ua/ua/ustriy_page/610","Донецька область","43"
"666","Новогродівська міська рада міста обласного значення","http://atu.minregion.gov.ua/ua/ustriy_page/666","Донецька область","43"
"645","Покровська міська рада міста обласного значення","http://atu.minregion.gov.ua/ua/ustriy_page/645","Донецька область","43"
"682","Селидівська міська рада міста обласного значення","http://atu.minregion.gov.ua/ua/ustriy_page/682","Донецька область","43"
"753","Слов'янська міська рада міста обласного значення","http://atu.minregion.gov.ua/ua/ustriy_page/753","Донецька область","43"
"926","Сніжнянська міська рада міста обласного значення","http://atu.minregion.gov.ua/ua/ustriy_page/926","Донецька область","43"
"920","Торезька міська рада міста обласного значення","http://atu.minregion.gov.ua/ua/ustriy_page/920","Донецька область","43"
"605","Торецька міська рада міста обласного значення","http://atu.minregion.gov.ua/ua/ustriy_page/605","Донецька область","43"
"177","Харцизька міська рада міста обласного значення","http://atu.minregion.gov.ua/ua/ustriy_page/177","Донецька область","43"
"923","Хрестівська міська рада міста обласного значення","http://atu.minregion.gov.ua/ua/ustriy_page/923","Донецька область","43"
"929","Шахтарська міська рада міста обласного значення","http://atu.minregion.gov.ua/ua/ustriy_page/929","Донецька область","43"
"930","Ясинуватська міська рада міста обласного значення","http://atu.minregion.gov.ua/ua/ustriy_page/930","Донецька область","43"
"325","Андрушівський район","http://atu.minregion.gov.ua/ua/ustriy_page/325","Житомирська область","44"
"326","Баранівський район","http://atu.minregion.gov.ua/ua/ustriy_page/326","Житомирська область","44"
"874","Бердичівський район","http://atu.minregion.gov.ua/ua/ustriy_page/874","Житомирська область","44"
"328","Брусилівський район","http://atu.minregion.gov.ua/ua/ustriy_page/328","Житомирська область","44"
"334","Ємільчинський район","http://atu.minregion.gov.ua/ua/ustriy_page/334","Житомирська область","44"
"875","Житомирський район","http://atu.minregion.gov.ua/ua/ustriy_page/875","Житомирська область","44"
"876","Коростенський район","http://atu.minregion.gov.ua/ua/ustriy_page/876","Житомирська область","44"
"336","Коростишівський район","http://atu.minregion.gov.ua/ua/ustriy_page/336","Житомирська область","44"
"340","Лугинський район","http://atu.minregion.gov.ua/ua/ustriy_page/340","Житомирська область","44"
"341","Любарський район","http://atu.minregion.gov.ua/ua/ustriy_page/341","Житомирська область","44"
"869","Малинський район","http://atu.minregion.gov.ua/ua/ustriy_page/869","Житомирська область","44"
"342","Народицький район","http://atu.minregion.gov.ua/ua/ustriy_page/342","Житомирська область","44"
"343","Новоград-Волинський район","http://atu.minregion.gov.ua/ua/ustriy_page/343","Житомирська область","44"
"344","Овруцький район","http://atu.minregion.gov.ua/ua/ustriy_page/344","Житомирська область","44"
"345","Олевський район","http://atu.minregion.gov.ua/ua/ustriy_page/345","Житомирська область","44"
"349","Попільнянський район","http://atu.minregion.gov.ua/ua/ustriy_page/349","Житомирська область","44"
"354","Пулинський район","http://atu.minregion.gov.ua/ua/ustriy_page/354","Житомирська область","44"
"350","Радомишльський район","http://atu.minregion.gov.ua/ua/ustriy_page/350","Житомирська область","44"
"332","Романівський район","http://atu.minregion.gov.ua/ua/ustriy_page/332","Житомирська область","44"
"353","Ружинський район","http://atu.minregion.gov.ua/ua/ustriy_page/353","Житомирська область","44"
"330","Хорошівський район","http://atu.minregion.gov.ua/ua/ustriy_page/330","Житомирська область","44"
"355","Черняхівський район","http://atu.minregion.gov.ua/ua/ustriy_page/355","Житомирська область","44"
"870","Чуднівський район","http://atu.minregion.gov.ua/ua/ustriy_page/870","Житомирська область","44"
"384","Бердичівська міська рада міста обласного значення","http://atu.minregion.gov.ua/ua/ustriy_page/384","Житомирська область","44"
"12038","Житомирська міська рада міста обласного значення","http://atu.minregion.gov.ua/ua/ustriy_page/12038","Житомирська область","44"
"931","Коростенська міська рада міста обласного значення","http://atu.minregion.gov.ua/ua/ustriy_page/931","Житомирська область","44"
"456","Малинська міська рада міста обласного значення","http://atu.minregion.gov.ua/ua/ustriy_page/456","Житомирська область","44"
"932","Новоград-Волинська міська рада міста обласного значення","http://atu.minregion.gov.ua/ua/ustriy_page/932","Житомирська область","44"
"862","Берегівський район","http://atu.minregion.gov.ua/ua/ustriy_page/862","Закарпатська область","45"
"358","Великоберезнянський район","http://atu.minregion.gov.ua/ua/ustriy_page/358","Закарпатська область","45"
"861","Виноградівський район","http://atu.minregion.gov.ua/ua/ustriy_page/861","Закарпатська область","45"
"360","Воловецький район","http://atu.minregion.gov.ua/ua/ustriy_page/360","Закарпатська область","45"
"362","Іршавський район","http://atu.minregion.gov.ua/ua/ustriy_page/362","Закарпатська область","45"
"365","Міжгірський район","http://atu.minregion.gov.ua/ua/ustriy_page/365","Закарпатська область","45"
"845","МукачІвський район","http://atu.minregion.gov.ua/ua/ustriy_page/845","Закарпатська область","45"
"702","Перечинський район","http://atu.minregion.gov.ua/ua/ustriy_page/702","Закарпатська область","45"
"843","Рахівський район","http://atu.minregion.gov.ua/ua/ustriy_page/843","Закарпатська область","45"
"367","Свалявський район","http://atu.minregion.gov.ua/ua/ustriy_page/367","Закарпатська область","45"
"368","Тячівський район","http://atu.minregion.gov.ua/ua/ustriy_page/368","Закарпатська область","45"
"369","Ужгородський район","http://atu.minregion.gov.ua/ua/ustriy_page/369","Закарпатська область","45"
"844","Хустський район","http://atu.minregion.gov.ua/ua/ustriy_page/844","Закарпатська область","45"
"486","Берегівська міська рада міста обласного значення","http://atu.minregion.gov.ua/ua/ustriy_page/486","Закарпатська область","45"
"488","Мукачівська міська рада міста обласного значення","http://atu.minregion.gov.ua/ua/ustriy_page/488","Закарпатська область","45"
"477","Ужгородська міська рада міста обласного значення","http://atu.minregion.gov.ua/ua/ustriy_page/477","Закарпатська область","45"
"531","Хустська міська рада міста обласного значення","http://atu.minregion.gov.ua/ua/ustriy_page/531","Закарпатська область","45"
"939","Чопська міська рада міста обласного значення","http://atu.minregion.gov.ua/ua/ustriy_page/939","Закарпатська область","45"
"370","Бердянський район","http://atu.minregion.gov.ua/ua/ustriy_page/370","Запорізька область","46"
"381","Більмацький район","http://atu.minregion.gov.ua/ua/ustriy_page/381","Запорізька область","46"
"24272","Василівський район","http://atu.minregion.gov.ua/ua/ustriy_page/24272","Запорізька область","46"
"372","Великобілозерський район","http://atu.minregion.gov.ua/ua/ustriy_page/372","Запорізька область","46"
"329","Веселівський район","http://atu.minregion.gov.ua/ua/ustriy_page/329","Запорізька область","46"
"374","Вільнянський район","http://atu.minregion.gov.ua/ua/ustriy_page/374","Запорізька область","46"
"376","Гуляйпільський район","http://atu.minregion.gov.ua/ua/ustriy_page/376","Запорізька область","46"
"377","Запорізький район","http://atu.minregion.gov.ua/ua/ustriy_page/377","Запорізька область","46"
"378","Кам'янсько-Дніпровський район","http://atu.minregion.gov.ua/ua/ustriy_page/378","Запорізька область","46"
"382","Мелітопольський район","http://atu.minregion.gov.ua/ua/ustriy_page/382","Запорізька область","46"
"385","Михайлівський район","http://atu.minregion.gov.ua/ua/ustriy_page/385","Запорізька область","46"
"387","Новомиколаївський район","http://atu.minregion.gov.ua/ua/ustriy_page/387","Запорізька область","46"
"388","Оріхівський район","http://atu.minregion.gov.ua/ua/ustriy_page/388","Запорізька область","46"
"395","Пологівський район","http://atu.minregion.gov.ua/ua/ustriy_page/395","Запорізька область","46"
"399","Приазовський район","http://atu.minregion.gov.ua/ua/ustriy_page/399","Запорізька область","46"
"400","Приморський район","http://atu.minregion.gov.ua/ua/ustriy_page/400","Запорізька область","46"
"331","Розівський район","http://atu.minregion.gov.ua/ua/ustriy_page/331","Запорізька область","46"
"403","Токмацький район","http://atu.minregion.gov.ua/ua/ustriy_page/403","Запорізька область","46"
"187","Чернігівський район","http://atu.minregion.gov.ua/ua/ustriy_page/187","Запорізька область","46"
"190","Якимівський район","http://atu.minregion.gov.ua/ua/ustriy_page/190","Запорізька область","46"
"944","Бердянська міська рада міста обласного значення","http://atu.minregion.gov.ua/ua/ustriy_page/944","Запорізька область","46"
"947","Енергодарська міська рада міста обласного значення","http://atu.minregion.gov.ua/ua/ustriy_page/947","Запорізька область","46"
"24175","Запорізька міська рада міста обласного значення","http://atu.minregion.gov.ua/ua/ustriy_page/24175","Запорізька область","46"
"945","Мелітопольська міська рада міста обласного значення","http://atu.minregion.gov.ua/ua/ustriy_page/945","Запорізька область","46"
"551","Токмацька міська рада міста обласного значення","http://atu.minregion.gov.ua/ua/ustriy_page/551","Запорізька область","46"
"407","Богородчанський район","http://atu.minregion.gov.ua/ua/ustriy_page/407","Івано-Франківська область","47"
"408","Верховинський район","http://atu.minregion.gov.ua/ua/ustriy_page/408","Івано-Франківська область","47"
"409","Галицький район","http://atu.minregion.gov.ua/ua/ustriy_page/409","Івано-Франківська область","47"
"411","Городенківський район","http://atu.minregion.gov.ua/ua/ustriy_page/411","Івано-Франківська область","47"
"412","Долинський район","http://atu.minregion.gov.ua/ua/ustriy_page/412","Івано-Франківська область","47"
"413","Калуський район","http://atu.minregion.gov.ua/ua/ustriy_page/413","Івано-Франківська область","47"
"414","Коломийський район","http://atu.minregion.gov.ua/ua/ustriy_page/414","Івано-Франківська область","47"
"418","Косівський район","http://atu.minregion.gov.ua/ua/ustriy_page/418","Івано-Франківська область","47"
"419","Надвірнянський район","http://atu.minregion.gov.ua/ua/ustriy_page/419","Івано-Франківська область","47"
"420","Рогатинський район","http://atu.minregion.gov.ua/ua/ustriy_page/420","Івано-Франківська область","47"
"421","Рожнятівський район","http://atu.minregion.gov.ua/ua/ustriy_page/421","Івано-Франківська область","47"
"422","Снятинський район","http://atu.minregion.gov.ua/ua/ustriy_page/422","Івано-Франківська область","47"
"423","Тисменицький район","http://atu.minregion.gov.ua/ua/ustriy_page/423","Івано-Франківська область","47"
"426","Тлумацький район","http://atu.minregion.gov.ua/ua/ustriy_page/426","Івано-Франківська область","47"
"955","Болехівська міська рада міста обласного значення","http://atu.minregion.gov.ua/ua/ustriy_page/955","Івано-Франківська область","47"
"962","Бурштинська міська рада міста обласного значення","http://atu.minregion.gov.ua/ua/ustriy_page/962","Івано-Франківська область","47"
"951","Івано-Франківська міська рада міста обласного значення","http://atu.minregion.gov.ua/ua/ustriy_page/951","Івано-Франківська область","47"
"956","Калуська міська рада міста обласного значення","http://atu.minregion.gov.ua/ua/ustriy_page/956","Івано-Франківська область","47"
"957","Коломийська міська рада міста обласного значення","http://atu.minregion.gov.ua/ua/ustriy_page/957","Івано-Франківська область","47"
"960","Яремчанська міська рада міста обласного значення","http://atu.minregion.gov.ua/ua/ustriy_page/960","Івано-Франківська область","47"
"12014","Голосіївський район","http://atu.minregion.gov.ua/ua/ustriy_page/12014","Київ ","64"
"12021","Дарницький район","http://atu.minregion.gov.ua/ua/ustriy_page/12021","Київ ","64"
"12022","Деснянський район","http://atu.minregion.gov.ua/ua/ustriy_page/12022","Київ ","64"
"12023","Дніпровський район","http://atu.minregion.gov.ua/ua/ustriy_page/12023","Київ ","64"
"12024","Оболонський район","http://atu.minregion.gov.ua/ua/ustriy_page/12024","Київ ","64"
"12015","Печерський район","http://atu.minregion.gov.ua/ua/ustriy_page/12015","Київ ","64"
"12016","Подільський район","http://atu.minregion.gov.ua/ua/ustriy_page/12016","Київ ","64"
"12017","Святошинський район","http://atu.minregion.gov.ua/ua/ustriy_page/12017","Київ ","64"
"12018","Солом'янський район","http://atu.minregion.gov.ua/ua/ustriy_page/12018","Київ ","64"
"12019","Шевченківський район","http://atu.minregion.gov.ua/ua/ustriy_page/12019","Київ ","64"
"427","Баришівський район","http://atu.minregion.gov.ua/ua/ustriy_page/427","Київська область","65"
"428","Білоцерківський район","http://atu.minregion.gov.ua/ua/ustriy_page/428","Київська область","65"
"429","Богуславський район","http://atu.minregion.gov.ua/ua/ustriy_page/429","Київська область","65"
"858","Бориспільський район","http://atu.minregion.gov.ua/ua/ustriy_page/858","Київська область","65"
"430","Бородянський район","http://atu.minregion.gov.ua/ua/ustriy_page/430","Київська область","65"
"746","Броварський район","http://atu.minregion.gov.ua/ua/ustriy_page/746","Київська область","65"
"859","Васильківський район","http://atu.minregion.gov.ua/ua/ustriy_page/859","Київська область","65"
"431","Вишгородський район","http://atu.minregion.gov.ua/ua/ustriy_page/431","Київська область","65"
"433","Володарський район","http://atu.minregion.gov.ua/ua/ustriy_page/433","Київська область","65"
"435","Згурівський район","http://atu.minregion.gov.ua/ua/ustriy_page/435","Київська область","65"
"436","Іванківський район","http://atu.minregion.gov.ua/ua/ustriy_page/436","Київська область","65"
"437","Кагарлицький район","http://atu.minregion.gov.ua/ua/ustriy_page/437","Київська область","65"
"860","Києво-Святошинський район","http://atu.minregion.gov.ua/ua/ustriy_page/860","Київська область","65"
"438","Макарівський район","http://atu.minregion.gov.ua/ua/ustriy_page/438","Київська область","65"
"440","Миронівський район","http://atu.minregion.gov.ua/ua/ustriy_page/440","Київська область","65"
"853","Обухівський район","http://atu.minregion.gov.ua/ua/ustriy_page/853","Київська область","65"
"441","Переяслав-Хмельницький район","http://atu.minregion.gov.ua/ua/ustriy_page/441","Київська область","65"
"442","Поліський район","http://atu.minregion.gov.ua/ua/ustriy_page/442","Київська область","65"
"444","Рокитнянський район","http://atu.minregion.gov.ua/ua/ustriy_page/444","Київська область","65"
"446","Сквирський район","http://atu.minregion.gov.ua/ua/ustriy_page/446","Київська область","65"
"448","Ставищенський район","http://atu.minregion.gov.ua/ua/ustriy_page/448","Київська область","65"
"451","Таращанський район","http://atu.minregion.gov.ua/ua/ustriy_page/451","Київська область","65"
"453","Тетіївський район","http://atu.minregion.gov.ua/ua/ustriy_page/453","Київська область","65"
"454","Фастівський район","http://atu.minregion.gov.ua/ua/ustriy_page/454","Київська область","65"
"455","Яготинський район","http://atu.minregion.gov.ua/ua/ustriy_page/455","Київська область","65"
"950","Березанська міська рада міста обласного значення","http://atu.minregion.gov.ua/ua/ustriy_page/950","Київська область","65"
"940","Білоцерківська міська рада міста обласного значення","http://atu.minregion.gov.ua/ua/ustriy_page/940","Київська область","65"
"158","Бориспільська міська рада міста обласного значення","http://atu.minregion.gov.ua/ua/ustriy_page/158","Київська область","65"
"490","Броварська міська рада міста обласного значення","http://atu.minregion.gov.ua/ua/ustriy_page/490","Київська область","65"
"967","Бучанська міська рада міста обласного значення","http://atu.minregion.gov.ua/ua/ustriy_page/967","Київська область","65"
"958","Васильківська міська рада міста обласного значення","http://atu.minregion.gov.ua/ua/ustriy_page/958","Київська область","65"
"966","Ірпінська міська рада міста обласного значення","http://atu.minregion.gov.ua/ua/ustriy_page/966","Київська область","65"
"359","Обухівська міська рада міста обласного значення","http://atu.minregion.gov.ua/ua/ustriy_page/359","Київська область","65"
"972","Переяслав-Хмельницька міська рада міста обласного значення","http://atu.minregion.gov.ua/ua/ustriy_page/972","Київська область","65"
"974","Ржищівська міська рада міста обласного значення","http://atu.minregion.gov.ua/ua/ustriy_page/974","Київська область","65"
"505","Славутицька міська рада міста обласного значення","http://atu.minregion.gov.ua/ua/ustriy_page/505","Київська область","65"
"973","Фастівська міська рада міста обласного значення","http://atu.minregion.gov.ua/ua/ustriy_page/973","Київська область","65"
"8870140633477104","Прип'ять місто","http://atu.minregion.gov.ua/ua/ustriy_page/8870140633477104","Київська область","65"
"491","Благовіщенський район","http://atu.minregion.gov.ua/ua/ustriy_page/491","Кіровоградська область","48"
"457","Бобринецький район","http://atu.minregion.gov.ua/ua/ustriy_page/457","Кіровоградська область","48"
"460","Вільшанський район","http://atu.minregion.gov.ua/ua/ustriy_page/460","Кіровоградська область","48"
"462","Гайворонський район","http://atu.minregion.gov.ua/ua/ustriy_page/462","Кіровоградська область","48"
"466","Голованівський район","http://atu.minregion.gov.ua/ua/ustriy_page/466","Кіровоградська область","48"
"469","Добровеличківський район","http://atu.minregion.gov.ua/ua/ustriy_page/469","Кіровоградська область","48"
"471","Долинський район","http://atu.minregion.gov.ua/ua/ustriy_page/471","Кіровоградська область","48"
"473","Знам'янський район","http://atu.minregion.gov.ua/ua/ustriy_page/473","Кіровоградська область","48"
"474","Кіровоградський район","http://atu.minregion.gov.ua/ua/ustriy_page/474","Кіровоградська область","48"
"373","Компаніївський район","http://atu.minregion.gov.ua/ua/ustriy_page/373","Кіровоградська область","48"
"476","Маловисківський район","http://atu.minregion.gov.ua/ua/ustriy_page/476","Кіровоградська область","48"
"386","Новгородківський район","http://atu.minregion.gov.ua/ua/ustriy_page/386","Кіровоградська область","48"
"478","Новоархангельський район","http://atu.minregion.gov.ua/ua/ustriy_page/478","Кіровоградська область","48"
"480","Новомиргородський район","http://atu.minregion.gov.ua/ua/ustriy_page/480","Кіровоградська область","48"
"482","Новоукраїнський район","http://atu.minregion.gov.ua/ua/ustriy_page/482","Кіровоградська область","48"
"483","Олександрівський район","http://atu.minregion.gov.ua/ua/ustriy_page/483","Кіровоградська область","48"
"484","Олександрійський район","http://atu.minregion.gov.ua/ua/ustriy_page/484","Кіровоградська область","48"
"485","Онуфріївський район","http://atu.minregion.gov.ua/ua/ustriy_page/485","Кіровоградська область","48"
"487","Петрівський район","http://atu.minregion.gov.ua/ua/ustriy_page/487","Кіровоградська область","48"
"489","Світловодський район","http://atu.minregion.gov.ua/ua/ustriy_page/489","Кіровоградська область","48"
"493","Устинівський район","http://atu.minregion.gov.ua/ua/ustriy_page/493","Кіровоградська область","48"
"977","Знам'янська міська рада міста обласного значення","http://atu.minregion.gov.ua/ua/ustriy_page/977","Кіровоградська область","48"
"696","Кіровоградська міська рада міста обласного значення","http://atu.minregion.gov.ua/ua/ustriy_page/696","Кіровоградська область","48"
"976","Олександрійська міська рада міста обласного значення","http://atu.minregion.gov.ua/ua/ustriy_page/976","Кіровоградська область","48"
"978","Світловодська міська рада міста обласного значення","http://atu.minregion.gov.ua/ua/ustriy_page/978","Кіровоградська область","48"
"494","Антрацитівський район","http://atu.minregion.gov.ua/ua/ustriy_page/494","Луганська область","49"
"495","Біловодський район","http://atu.minregion.gov.ua/ua/ustriy_page/495","Луганська область","49"
"496","Білокуракинський район","http://atu.minregion.gov.ua/ua/ustriy_page/496","Луганська область","49"
"745","Довжанський район","http://atu.minregion.gov.ua/ua/ustriy_page/745","Луганська область","49"
"497","Кремінський район","http://atu.minregion.gov.ua/ua/ustriy_page/497","Луганська область","49"
"498","Лутугинський район","http://atu.minregion.gov.ua/ua/ustriy_page/498","Луганська область","49"
"502","Марківський район","http://atu.minregion.gov.ua/ua/ustriy_page/502","Луганська область","49"
"504","Міловський район","http://atu.minregion.gov.ua/ua/ustriy_page/504","Луганська область","49"
"887","Новоайдарський район","http://atu.minregion.gov.ua/ua/ustriy_page/887","Луганська область","49"
"506","Новопсковський район","http://atu.minregion.gov.ua/ua/ustriy_page/506","Луганська область","49"
"886","Перевальський район","http://atu.minregion.gov.ua/ua/ustriy_page/886","Луганська область","49"
"884","Попаснянський район","http://atu.minregion.gov.ua/ua/ustriy_page/884","Луганська область","49"
"507","Сватівський район","http://atu.minregion.gov.ua/ua/ustriy_page/507","Луганська область","49"
"885","Слов'яносербський район","http://atu.minregion.gov.ua/ua/ustriy_page/885","Луганська область","49"
"740","Сорокинський район","http://atu.minregion.gov.ua/ua/ustriy_page/740","Луганська область","49"
"508","Станично-Луганський район","http://atu.minregion.gov.ua/ua/ustriy_page/508","Луганська область","49"
"510","Старобільський район","http://atu.minregion.gov.ua/ua/ustriy_page/510","Луганська область","49"
"511","Троїцький район","http://atu.minregion.gov.ua/ua/ustriy_page/511","Луганська область","49"
"994","Алчевська міська рада міста обласного значення","http://atu.minregion.gov.ua/ua/ustriy_page/994","Луганська область","49"
"987","Антрацитівська міська рада міста обласного значення","http://atu.minregion.gov.ua/ua/ustriy_page/987","Луганська область","49"
"991","Брянківська міська рада міста обласного значення","http://atu.minregion.gov.ua/ua/ustriy_page/991","Луганська область","49"
"24330","Кіровська міська рада міста обласного значення","http://atu.minregion.gov.ua/ua/ustriy_page/24330","Луганська область","49"
"995","Краснодонська міська рада міста обласного значення","http://atu.minregion.gov.ua/ua/ustriy_page/995","Луганська область","49"
"294","Краснолуцька міська рада міста обласного значення","http://atu.minregion.gov.ua/ua/ustriy_page/294","Луганська область","49"
"24444","Лисичанська міська рада міста обласного значення","http://atu.minregion.gov.ua/ua/ustriy_page/24444","Луганська область","49"
"24442","Луганська міська рада міста обласного значення","http://atu.minregion.gov.ua/ua/ustriy_page/24442","Луганська область","49"
"719","Первомайська міська рада міста обласного значення","http://atu.minregion.gov.ua/ua/ustriy_page/719","Луганська область","49"
"996","Ровеньківська міська рада міста обласного значення","http://atu.minregion.gov.ua/ua/ustriy_page/996","Луганська область","49"
"997","Рубіжанська міська рада міста обласного значення","http://atu.minregion.gov.ua/ua/ustriy_page/997","Луганська область","49"
"998","Свердловська міська рада міста обласного значення","http://atu.minregion.gov.ua/ua/ustriy_page/998","Луганська область","49"
"999","Сєвєродонецька міська рада міста обласного значення","http://atu.minregion.gov.ua/ua/ustriy_page/999","Луганська область","49"
"1000","Стахановська міська рада міста обласного значення","http://atu.minregion.gov.ua/ua/ustriy_page/1000","Луганська область","49"
"512","Бродівський район","http://atu.minregion.gov.ua/ua/ustriy_page/512","Львівська область","50"
"513","Буський район","http://atu.minregion.gov.ua/ua/ustriy_page/513","Львівська область","50"
"514","Городоцький район","http://atu.minregion.gov.ua/ua/ustriy_page/514","Львівська область","50"
"515","Дрогобицький район","http://atu.minregion.gov.ua/ua/ustriy_page/515","Львівська область","50"
"389","Жидачівський район","http://atu.minregion.gov.ua/ua/ustriy_page/389","Львівська область","50"
"390","Жовківський район","http://atu.minregion.gov.ua/ua/ustriy_page/390","Львівська область","50"
"391","Золочівський район","http://atu.minregion.gov.ua/ua/ustriy_page/391","Львівська область","50"
"392","Кам'янка-Бузький район","http://atu.minregion.gov.ua/ua/ustriy_page/392","Львівська область","50"
"393","Миколаївський район","http://atu.minregion.gov.ua/ua/ustriy_page/393","Львівська область","50"
"516","Мостиський район","http://atu.minregion.gov.ua/ua/ustriy_page/516","Львівська область","50"
"517","Перемишлянський район","http://atu.minregion.gov.ua/ua/ustriy_page/517","Львівська область","50"
"518","Пустомитівський район","http://atu.minregion.gov.ua/ua/ustriy_page/518","Львівська область","50"
"519","Радехівський район","http://atu.minregion.gov.ua/ua/ustriy_page/519","Львівська область","50"
"520","Самбірський район","http://atu.minregion.gov.ua/ua/ustriy_page/520","Львівська область","50"
"521","Сколівський район","http://atu.minregion.gov.ua/ua/ustriy_page/521","Львівська область","50"
"24269","Сокальський район","http://atu.minregion.gov.ua/ua/ustriy_page/24269","Львівська область","50"
"525","Старосамбірський район","http://atu.minregion.gov.ua/ua/ustriy_page/525","Львівська область","50"
"526","Стрийський район","http://atu.minregion.gov.ua/ua/ustriy_page/526","Львівська область","50"
"527","Турківський район","http://atu.minregion.gov.ua/ua/ustriy_page/527","Львівська область","50"
"528","Яворівський район","http://atu.minregion.gov.ua/ua/ustriy_page/528","Львівська область","50"
"24271","Бориславська міська рада міста обласного значення","http://atu.minregion.gov.ua/ua/ustriy_page/24271","Львівська область","50"
"1013","Дрогобицька міська рада міста обласного значення","http://atu.minregion.gov.ua/ua/ustriy_page/1013","Львівська область","50"
"1011","Львівська міська рада міста обласного значення","http://atu.minregion.gov.ua/ua/ustriy_page/1011","Львівська область","50"
"774","Моршинська міська рада міста обласного значення","http://atu.minregion.gov.ua/ua/ustriy_page/774","Львівська область","50"
"624","Новороздільська міська рада міста обласного значення","http://atu.minregion.gov.ua/ua/ustriy_page/624","Львівська область","50"
"180","Самбірська міська рада міста обласного значення","http://atu.minregion.gov.ua/ua/ustriy_page/180","Львівська область","50"
"189","Стрийська міська рада міста обласного значення","http://atu.minregion.gov.ua/ua/ustriy_page/189","Львівська область","50"
"234","Трускавецька міська рада міста обласного значення","http://atu.minregion.gov.ua/ua/ustriy_page/234","Львівська область","50"
"24267","Червоноградська міська рада міста обласного значення","http://atu.minregion.gov.ua/ua/ustriy_page/24267","Львівська область","50"
"24222","Арбузинський район","http://atu.minregion.gov.ua/ua/ustriy_page/24222","Миколаївська область","51"
"405","Баштанський район","http://atu.minregion.gov.ua/ua/ustriy_page/405","Миколаївська область","51"
"530","Березанський район","http://atu.minregion.gov.ua/ua/ustriy_page/530","Миколаївська область","51"
"532","Березнегуватський район","http://atu.minregion.gov.ua/ua/ustriy_page/532","Миколаївська область","51"
"534","Братський район","http://atu.minregion.gov.ua/ua/ustriy_page/534","Миколаївська область","51"
"868","Веселинівський район","http://atu.minregion.gov.ua/ua/ustriy_page/868","Миколаївська область","51"
"415","Вітовський район","http://atu.minregion.gov.ua/ua/ustriy_page/415","Миколаївська область","51"
"748","Вознесенський район","http://atu.minregion.gov.ua/ua/ustriy_page/748","Миколаївська область","51"
"536","Врадіївський район","http://atu.minregion.gov.ua/ua/ustriy_page/536","Миколаївська область","51"
"542","Доманівський район","http://atu.minregion.gov.ua/ua/ustriy_page/542","Миколаївська область","51"
"410","Єланецький район","http://atu.minregion.gov.ua/ua/ustriy_page/410","Миколаївська область","51"
"863","Казанківський район","http://atu.minregion.gov.ua/ua/ustriy_page/863","Миколаївська область","51"
"545","Кривоозерський район","http://atu.minregion.gov.ua/ua/ustriy_page/545","Миколаївська область","51"
"547","Миколаївський район","http://atu.minregion.gov.ua/ua/ustriy_page/547","Миколаївська область","51"
"867","Новобузький район","http://atu.minregion.gov.ua/ua/ustriy_page/867","Миколаївська область","51"
"549","Новоодеський район","http://atu.minregion.gov.ua/ua/ustriy_page/549","Миколаївська область","51"
"550","Очаківський район","http://atu.minregion.gov.ua/ua/ustriy_page/550","Миколаївська область","51"
"871","Первомайський район","http://atu.minregion.gov.ua/ua/ustriy_page/871","Миколаївська область","51"
"552","Снігурівський район","http://atu.minregion.gov.ua/ua/ustriy_page/552","Миколаївська область","51"
"1023","Вознесенська міська рада міста обласного значення","http://atu.minregion.gov.ua/ua/ustriy_page/1023","Миколаївська область","51"
"1022","Миколаївська міська рада міста обласного значення","http://atu.minregion.gov.ua/ua/ustriy_page/1022","Миколаївська область","51"
"1025","Очаківська міська рада міста обласного значення","http://atu.minregion.gov.ua/ua/ustriy_page/1025","Миколаївська область","51"
"1026","Первомайська міська рада міста обласного значення","http://atu.minregion.gov.ua/ua/ustriy_page/1026","Миколаївська область","51"
"1027","Южноукраїнська міська рада міста обласного значення","http://atu.minregion.gov.ua/ua/ustriy_page/1027","Миколаївська область","51"
"554","Ананьївський район","http://atu.minregion.gov.ua/ua/ustriy_page/554","Одеська область","52"
"555","Арцизький район","http://atu.minregion.gov.ua/ua/ustriy_page/555","Одеська область","52"
"556","Балтський район","http://atu.minregion.gov.ua/ua/ustriy_page/556","Одеська область","52"
"535","Березівський район","http://atu.minregion.gov.ua/ua/ustriy_page/535","Одеська область","52"
"595","Білгород-Дністровський район","http://atu.minregion.gov.ua/ua/ustriy_page/595","Одеська область","52"
"882","Біляївський район","http://atu.minregion.gov.ua/ua/ustriy_page/882","Одеська область","52"
"598","Болградський район","http://atu.minregion.gov.ua/ua/ustriy_page/598","Одеська область","52"
"599","Великомихайлівський район","http://atu.minregion.gov.ua/ua/ustriy_page/599","Одеська область","52"
"268","Захарівський район","http://atu.minregion.gov.ua/ua/ustriy_page/268","Одеська область","52"
"596","Іванівський район","http://atu.minregion.gov.ua/ua/ustriy_page/596","Одеська область","52"
"597","Ізмаїльський район","http://atu.minregion.gov.ua/ua/ustriy_page/597","Одеська область","52"
"600","Кілійський район","http://atu.minregion.gov.ua/ua/ustriy_page/600","Одеська область","52"
"601","Кодимський район","http://atu.minregion.gov.ua/ua/ustriy_page/601","Одеська область","52"
"602","Лиманський район","http://atu.minregion.gov.ua/ua/ustriy_page/602","Одеська область","52"
"607","Любашівський район","http://atu.minregion.gov.ua/ua/ustriy_page/607","Одеська область","52"
"608","Миколаївський район","http://atu.minregion.gov.ua/ua/ustriy_page/608","Одеська область","52"
"881","Овідіопольський район","http://atu.minregion.gov.ua/ua/ustriy_page/881","Одеська область","52"
"604","Окнянський район","http://atu.minregion.gov.ua/ua/ustriy_page/604","Одеська область","52"
"747","Подільський район","http://atu.minregion.gov.ua/ua/ustriy_page/747","Одеська область","52"
"609","Ренійський район","http://atu.minregion.gov.ua/ua/ustriy_page/609","Одеська область","52"
"614","Роздільнянський район","http://atu.minregion.gov.ua/ua/ustriy_page/614","Одеська область","52"
"617","Савранський район","http://atu.minregion.gov.ua/ua/ustriy_page/617","Одеська область","52"
"242","Саратський район","http://atu.minregion.gov.ua/ua/ustriy_page/242","Одеська область","52"
"620","Тарутинський район","http://atu.minregion.gov.ua/ua/ustriy_page/620","Одеська область","52"
"623","Татарбунарський район","http://atu.minregion.gov.ua/ua/ustriy_page/623","Одеська область","52"
"503","Ширяївський район","http://atu.minregion.gov.ua/ua/ustriy_page/503","Одеська область","52"
"1049","Білгород-Дністровська міська рада міста обласного значення","http://atu.minregion.gov.ua/ua/ustriy_page/1049","Одеська область","52"
"1050","Ізмаїльська міська рада міста обласного значення","http://atu.minregion.gov.ua/ua/ustriy_page/1050","Одеська область","52"
"1051","Іллічівська міська рада міста обласного значення","http://atu.minregion.gov.ua/ua/ustriy_page/1051","Одеська область","52"
"1028","Котовська міська рада міста обласного значення","http://atu.minregion.gov.ua/ua/ustriy_page/1028","Одеська область","52"
"1047","Одеська міська рада міста обласного значення","http://atu.minregion.gov.ua/ua/ustriy_page/1047","Одеська область","52"
"1029","Теплодарська міська рада міста обласного значення","http://atu.minregion.gov.ua/ua/ustriy_page/1029","Одеська область","52"
"1030","Южненська міська рада міста обласного значення","http://atu.minregion.gov.ua/ua/ustriy_page/1030","Одеська область","52"
"625","Великобагачанський район","http://atu.minregion.gov.ua/ua/ustriy_page/625","Полтавська область","53"
"627","Гадяцький район","http://atu.minregion.gov.ua/ua/ustriy_page/627","Полтавська область","53"
"628","Глобинський район","http://atu.minregion.gov.ua/ua/ustriy_page/628","Полтавська область","53"
"540","Гребінківський район","http://atu.minregion.gov.ua/ua/ustriy_page/540","Полтавська область","53"
"630","Диканський район","http://atu.minregion.gov.ua/ua/ustriy_page/630","Полтавська область","53"
"631","Зіньківський район","http://atu.minregion.gov.ua/ua/ustriy_page/631","Полтавська область","53"
"461","Карлівський район","http://atu.minregion.gov.ua/ua/ustriy_page/461","Полтавська область","53"
"633","Кобеляцький район","http://atu.minregion.gov.ua/ua/ustriy_page/633","Полтавська область","53"
"636","Козельщинський район","http://atu.minregion.gov.ua/ua/ustriy_page/636","Полтавська область","53"
"537","Котелевський район","http://atu.minregion.gov.ua/ua/ustriy_page/537","Полтавська область","53"
"538","Кременчуцький район","http://atu.minregion.gov.ua/ua/ustriy_page/538","Полтавська область","53"
"539","Лохвицький район","http://atu.minregion.gov.ua/ua/ustriy_page/539","Полтавська область","53"
"738","Лубенський район","http://atu.minregion.gov.ua/ua/ustriy_page/738","Полтавська область","53"
"561","Машівський район","http://atu.minregion.gov.ua/ua/ustriy_page/561","Полтавська область","53"
"850","Миргородський район","http://atu.minregion.gov.ua/ua/ustriy_page/850","Полтавська область","53"
"564","Новосанжарський район","http://atu.minregion.gov.ua/ua/ustriy_page/564","Полтавська область","53"
"565","Оржицький район","http://atu.minregion.gov.ua/ua/ustriy_page/565","Полтавська область","53"
"567","Пирятинський район","http://atu.minregion.gov.ua/ua/ustriy_page/567","Полтавська область","53"
"568","Полтавський район","http://atu.minregion.gov.ua/ua/ustriy_page/568","Полтавська область","53"
"577","Решетилівський район","http://atu.minregion.gov.ua/ua/ustriy_page/577","Полтавська область","53"
"578","Семенівський район","http://atu.minregion.gov.ua/ua/ustriy_page/578","Полтавська область","53"
"581","Хорольський район","http://atu.minregion.gov.ua/ua/ustriy_page/581","Полтавська область","53"
"583","Чорнухинський район","http://atu.minregion.gov.ua/ua/ustriy_page/583","Полтавська область","53"
"587","Чутівський район","http://atu.minregion.gov.ua/ua/ustriy_page/587","Полтавська область","53"
"591","Шишацький район","http://atu.minregion.gov.ua/ua/ustriy_page/591","Полтавська область","53"
"1063","Гадяцька міська рада міста обласного значення","http://atu.minregion.gov.ua/ua/ustriy_page/1063","Полтавська область","53"
"1036","Комсомольська міська рада міста обласного значення","http://atu.minregion.gov.ua/ua/ustriy_page/1036","Полтавська область","53"
"1068","Кременчуцька міська рада міста обласного значення","http://atu.minregion.gov.ua/ua/ustriy_page/1068","Полтавська область","53"
"1069","Лубенська міська рада міста обласного значення","http://atu.minregion.gov.ua/ua/ustriy_page/1069","Полтавська область","53"
"1048","Миргородська міська рада міста обласного значення","http://atu.minregion.gov.ua/ua/ustriy_page/1048","Полтавська область","53"
"1065","Полтавська міська рада міста обласного значення","http://atu.minregion.gov.ua/ua/ustriy_page/1065","Полтавська область","53"
"637","Березнівський район","http://atu.minregion.gov.ua/ua/ustriy_page/637","Рівненська область","54"
"638","Володимирецький район","http://atu.minregion.gov.ua/ua/ustriy_page/638","Рівненська область","54"
"639","Гощанський район","http://atu.minregion.gov.ua/ua/ustriy_page/639","Рівненська область","54"
"641","Демидівський район","http://atu.minregion.gov.ua/ua/ustriy_page/641","Рівненська область","54"
"642","Дубенський район","http://atu.minregion.gov.ua/ua/ustriy_page/642","Рівненська область","54"
"643","Дубровицький район","http://atu.minregion.gov.ua/ua/ustriy_page/643","Рівненська область","54"
"644","Зарічненський район","http://atu.minregion.gov.ua/ua/ustriy_page/644","Рівненська область","54"
"649","Здолбунівський район","http://atu.minregion.gov.ua/ua/ustriy_page/649","Рівненська область","54"
"650","Корецький район","http://atu.minregion.gov.ua/ua/ustriy_page/650","Рівненська область","54"
"651","Костопільський район","http://atu.minregion.gov.ua/ua/ustriy_page/651","Рівненська область","54"
"463","Млинівський район","http://atu.minregion.gov.ua/ua/ustriy_page/463","Рівненська область","54"
"464","Острозький район","http://atu.minregion.gov.ua/ua/ustriy_page/464","Рівненська область","54"
"652","Радивилівський район","http://atu.minregion.gov.ua/ua/ustriy_page/652","Рівненська область","54"
"653","Рівненський район","http://atu.minregion.gov.ua/ua/ustriy_page/653","Рівненська область","54"
"654","Рокитнівський район","http://atu.minregion.gov.ua/ua/ustriy_page/654","Рівненська область","54"
"655","Сарненський район","http://atu.minregion.gov.ua/ua/ustriy_page/655","Рівненська область","54"
"1073","Дубенська міська рада міста обласного значення","http://atu.minregion.gov.ua/ua/ustriy_page/1073","Рівненська область","54"
"295","Кузнецовська міська рада міста обласного значення","http://atu.minregion.gov.ua/ua/ustriy_page/295","Рівненська область","54"
"447","Острозька міська рада міста обласного значення","http://atu.minregion.gov.ua/ua/ustriy_page/447","Рівненська область","54"
"1072","Рівненська міська рада міста обласного значення","http://atu.minregion.gov.ua/ua/ustriy_page/1072","Рівненська область","54"
"12020","Балаклавський район","http://atu.minregion.gov.ua/ua/ustriy_page/12020","Севастополь ","61"
"12026","Гагарінський район","http://atu.minregion.gov.ua/ua/ustriy_page/12026","Севастополь ","61"
"12027","Ленінський район","http://atu.minregion.gov.ua/ua/ustriy_page/12027","Севастополь ","61"
"12028","Нахімовський район","http://atu.minregion.gov.ua/ua/ustriy_page/12028","Севастополь ","61"
"656","Білопільський район","http://atu.minregion.gov.ua/ua/ustriy_page/656","Сумська область","55"
"657","Буринський район","http://atu.minregion.gov.ua/ua/ustriy_page/657","Сумська область","55"
"658","Великописарівський район","http://atu.minregion.gov.ua/ua/ustriy_page/658","Сумська область","55"
"659","Глухівський район","http://atu.minregion.gov.ua/ua/ustriy_page/659","Сумська область","55"
"660","Конотопський район","http://atu.minregion.gov.ua/ua/ustriy_page/660","Сумська область","55"
"661","Краснопільський район","http://atu.minregion.gov.ua/ua/ustriy_page/661","Сумська область","55"
"662","Кролевецький район","http://atu.minregion.gov.ua/ua/ustriy_page/662","Сумська область","55"
"663","Лебединський район","http://atu.minregion.gov.ua/ua/ustriy_page/663","Сумська область","55"
"665","Липоводолинський район","http://atu.minregion.gov.ua/ua/ustriy_page/665","Сумська область","55"
"668","Недригайлівський район","http://atu.minregion.gov.ua/ua/ustriy_page/668","Сумська область","55"
"669","Охтирський район","http://atu.minregion.gov.ua/ua/ustriy_page/669","Сумська область","55"
"670","Путивльський район","http://atu.minregion.gov.ua/ua/ustriy_page/670","Сумська область","55"
"671","Роменський район","http://atu.minregion.gov.ua/ua/ustriy_page/671","Сумська область","55"
"672","Середино-Будський район","http://atu.minregion.gov.ua/ua/ustriy_page/672","Сумська область","55"
"673","Сумський район","http://atu.minregion.gov.ua/ua/ustriy_page/673","Сумська область","55"
"674","Тростянецький район","http://atu.minregion.gov.ua/ua/ustriy_page/674","Сумська область","55"
"675","Шосткинський район","http://atu.minregion.gov.ua/ua/ustriy_page/675","Сумська область","55"
"676","Ямпільський район","http://atu.minregion.gov.ua/ua/ustriy_page/676","Сумська область","55"
"1086","Глухівська міська рада міста обласного значення","http://atu.minregion.gov.ua/ua/ustriy_page/1086","Сумська область","55"
"1087","Конотопська міська рада міста обласного значення","http://atu.minregion.gov.ua/ua/ustriy_page/1087","Сумська область","55"
"1090","Лебединська міська рада міста обласного значення","http://atu.minregion.gov.ua/ua/ustriy_page/1090","Сумська область","55"
"1085","Охтирська міська рада міста обласного значення","http://atu.minregion.gov.ua/ua/ustriy_page/1085","Сумська область","55"
"1091","Роменська міська рада міста обласного значення","http://atu.minregion.gov.ua/ua/ustriy_page/1091","Сумська область","55"
"24084","Сумська міська рада міста обласного значення","http://atu.minregion.gov.ua/ua/ustriy_page/24084","Сумська область","55"
"1088","Шосткинська міська рада міста обласного значення","http://atu.minregion.gov.ua/ua/ustriy_page/1088","Сумська область","55"
"679","Бережанський район","http://atu.minregion.gov.ua/ua/ustriy_page/679","Тернопільська область","56"
"680","Борщівський район","http://atu.minregion.gov.ua/ua/ustriy_page/680","Тернопільська область","56"
"842","Бучацький район","http://atu.minregion.gov.ua/ua/ustriy_page/842","Тернопільська область","56"
"681","Гусятинський район","http://atu.minregion.gov.ua/ua/ustriy_page/681","Тернопільська область","56"
"683","Заліщицький район","http://atu.minregion.gov.ua/ua/ustriy_page/683","Тернопільська область","56"
"686","Збаразький район","http://atu.minregion.gov.ua/ua/ustriy_page/686","Тернопільська область","56"
"689","Зборівський район","http://atu.minregion.gov.ua/ua/ustriy_page/689","Тернопільська область","56"
"691","Козівський район","http://atu.minregion.gov.ua/ua/ustriy_page/691","Тернопільська область","56"
"694","Кременецький район","http://atu.minregion.gov.ua/ua/ustriy_page/694","Тернопільська область","56"
"697","Лановецький район","http://atu.minregion.gov.ua/ua/ustriy_page/697","Тернопільська область","56"
"699","Монастириський район","http://atu.minregion.gov.ua/ua/ustriy_page/699","Тернопільська область","56"
"700","Підволочиський район","http://atu.minregion.gov.ua/ua/ustriy_page/700","Тернопільська область","56"
"406","Підгаєцький район","http://atu.minregion.gov.ua/ua/ustriy_page/406","Тернопільська область","56"
"704","Теребовлянський район","http://atu.minregion.gov.ua/ua/ustriy_page/704","Тернопільська область","56"
"705","Тернопільський район","http://atu.minregion.gov.ua/ua/ustriy_page/705","Тернопільська область","56"
"707","Чортківський район","http://atu.minregion.gov.ua/ua/ustriy_page/707","Тернопільська область","56"
"708","Шумський район","http://atu.minregion.gov.ua/ua/ustriy_page/708","Тернопільська область","56"
"1105","Бережанська міська рада міста обласного значення","http://atu.minregion.gov.ua/ua/ustriy_page/1105","Тернопільська область","56"
"1092","Кременецька міська рада міста обласного значення","http://atu.minregion.gov.ua/ua/ustriy_page/1092","Тернопільська область","56"
"1104","Тернопільська міська рада міста обласного значення","http://atu.minregion.gov.ua/ua/ustriy_page/1104","Тернопільська область","56"
"1119","Чортківська міська рада міста обласного значення","http://atu.minregion.gov.ua/ua/ustriy_page/1119","Тернопільська область","56"
"709","Балаклійський район","http://atu.minregion.gov.ua/ua/ustriy_page/709","Харківська область","57"
"710","Барвінківський район","http://atu.minregion.gov.ua/ua/ustriy_page/710","Харківська область","57"
"712","Близнюківський район","http://atu.minregion.gov.ua/ua/ustriy_page/712","Харківська область","57"
"713","Богодухівський район","http://atu.minregion.gov.ua/ua/ustriy_page/713","Харківська область","57"
"715","Борівський район","http://atu.minregion.gov.ua/ua/ustriy_page/715","Харківська область","57"
"716","Валківський район","http://atu.minregion.gov.ua/ua/ustriy_page/716","Харківська область","57"
"717","Великобурлуцький район","http://atu.minregion.gov.ua/ua/ustriy_page/717","Харківська область","57"
"718","Вовчанський район","http://atu.minregion.gov.ua/ua/ustriy_page/718","Харківська область","57"
"721","Дворічанський район","http://atu.minregion.gov.ua/ua/ustriy_page/721","Харківська область","57"
"722","Дергачівський район","http://atu.minregion.gov.ua/ua/ustriy_page/722","Харківська область","57"
"723","Зачепилівський район","http://atu.minregion.gov.ua/ua/ustriy_page/723","Харківська область","57"
"724","Зміївський район","http://atu.minregion.gov.ua/ua/ustriy_page/724","Харківська область","57"
"725","Золочівський район","http://atu.minregion.gov.ua/ua/ustriy_page/725","Харківська область","57"
"726","Ізюмський район","http://atu.minregion.gov.ua/ua/ustriy_page/726","Харківська область","57"
"728","Кегичівський район","http://atu.minregion.gov.ua/ua/ustriy_page/728","Харківська область","57"
"730","Коломацький район","http://atu.minregion.gov.ua/ua/ustriy_page/730","Харківська область","57"
"732","Красноградський район","http://atu.minregion.gov.ua/ua/ustriy_page/732","Харківська область","57"
"733","Краснокутський район","http://atu.minregion.gov.ua/ua/ustriy_page/733","Харківська область","57"
"734","Куп'янський район","http://atu.minregion.gov.ua/ua/ustriy_page/734","Харківська область","57"
"735","Лозівський район","http://atu.minregion.gov.ua/ua/ustriy_page/735","Харківська область","57"
"736","Нововодолазький район","http://atu.minregion.gov.ua/ua/ustriy_page/736","Харківська область","57"
"737","Первомайський район","http://atu.minregion.gov.ua/ua/ustriy_page/737","Харківська область","57"
"741","Печенізький район","http://atu.minregion.gov.ua/ua/ustriy_page/741","Харківська область","57"
"742","Сахновщинський район","http://atu.minregion.gov.ua/ua/ustriy_page/742","Харківська область","57"
"743","Харківський район","http://atu.minregion.gov.ua/ua/ustriy_page/743","Харківська область","57"
"744","Чугуївський район","http://atu.minregion.gov.ua/ua/ustriy_page/744","Харківська область","57"
"749","Шевченківський район","http://atu.minregion.gov.ua/ua/ustriy_page/749","Харківська область","57"
"1037","Ізюмська міська рада міста обласного значення","http://atu.minregion.gov.ua/ua/ustriy_page/1037","Харківська область","57"
"1038","Куп'янська міська рада міста обласного значення","http://atu.minregion.gov.ua/ua/ustriy_page/1038","Харківська область","57"
"24198","Лозівська міська рада міста обласного значення","http://atu.minregion.gov.ua/ua/ustriy_page/24198","Харківська область","57"
"1040","Люботинська міська рада міста обласного значення","http://atu.minregion.gov.ua/ua/ustriy_page/1040","Харківська область","57"
"1041","Первомайська міська рада міста обласного значення","http://atu.minregion.gov.ua/ua/ustriy_page/1041","Харківська область","57"
"1035","Харківська міська рада міста обласного значення","http://atu.minregion.gov.ua/ua/ustriy_page/1035","Харківська область","57"
"1042","Чугуївська міська рада міста обласного значення","http://atu.minregion.gov.ua/ua/ustriy_page/1042","Харківська область","57"
"751","Бериславський район","http://atu.minregion.gov.ua/ua/ustriy_page/751","Херсонська область","63"
"24244","Білозерський район","http://atu.minregion.gov.ua/ua/ustriy_page/24244","Херсонська область","63"
"467","Великолепетиський район","http://atu.minregion.gov.ua/ua/ustriy_page/467","Херсонська область","63"
"468","Великоолександрівський район","http://atu.minregion.gov.ua/ua/ustriy_page/468","Херсонська область","63"
"472","Верхньорогачицький район","http://atu.minregion.gov.ua/ua/ustriy_page/472","Херсонська область","63"
"754","Високопільський район","http://atu.minregion.gov.ua/ua/ustriy_page/754","Херсонська область","63"
"755","Генічеський район","http://atu.minregion.gov.ua/ua/ustriy_page/755","Херсонська область","63"
"756","Голопристанський район","http://atu.minregion.gov.ua/ua/ustriy_page/756","Херсонська область","63"
"492","Горностаївський район","http://atu.minregion.gov.ua/ua/ustriy_page/492","Херсонська область","63"
"499","Іванівський район","http://atu.minregion.gov.ua/ua/ustriy_page/499","Херсонська область","63"
"500","Каланчацький район","http://atu.minregion.gov.ua/ua/ustriy_page/500","Херсонська область","63"
"759","Каховський район","http://atu.minregion.gov.ua/ua/ustriy_page/759","Херсонська область","63"
"553","Нижньосірогозький район","http://atu.minregion.gov.ua/ua/ustriy_page/553","Херсонська область","63"
"731","Нововоронцовський район","http://atu.minregion.gov.ua/ua/ustriy_page/731","Херсонська область","63"
"557","Новотроїцький район","http://atu.minregion.gov.ua/ua/ustriy_page/557","Херсонська область","63"
"559","Олешківський район","http://atu.minregion.gov.ua/ua/ustriy_page/559","Херсонська область","63"
"558","Скадовський район","http://atu.minregion.gov.ua/ua/ustriy_page/558","Херсонська область","63"
"560","Чаплинський район","http://atu.minregion.gov.ua/ua/ustriy_page/560","Херсонська область","63"
"1136","Голопристанська міська рада міста обласного значення","http://atu.minregion.gov.ua/ua/ustriy_page/1136","Херсонська область","63"
"1135","Каховська міська рада міста обласного значення","http://atu.minregion.gov.ua/ua/ustriy_page/1135","Херсонська область","63"
"1121","Новокаховська міська рада міста обласного значення","http://atu.minregion.gov.ua/ua/ustriy_page/1121","Херсонська область","63"
"24243","Херсонська міська рада міста обласного значення","http://atu.minregion.gov.ua/ua/ustriy_page/24243","Херсонська область","63"
"838","Білогірський район","http://atu.minregion.gov.ua/ua/ustriy_page/838","Хмельницька область","58"
"761","Віньковецький район","http://atu.minregion.gov.ua/ua/ustriy_page/761","Хмельницька область","58"
"762","Волочиський район","http://atu.minregion.gov.ua/ua/ustriy_page/762","Хмельницька область","58"
"764","Городоцький район","http://atu.minregion.gov.ua/ua/ustriy_page/764","Хмельницька область","58"
"765","Деражнянський район","http://atu.minregion.gov.ua/ua/ustriy_page/765","Хмельницька область","58"
"766","Дунаєвецький район","http://atu.minregion.gov.ua/ua/ustriy_page/766","Хмельницька область","58"
"768","Ізяславський район","http://atu.minregion.gov.ua/ua/ustriy_page/768","Хмельницька область","58"
"769","Кам'янець-Подільський район","http://atu.minregion.gov.ua/ua/ustriy_page/769","Хмельницька область","58"
"857","Красилівський район","http://atu.minregion.gov.ua/ua/ustriy_page/857","Хмельницька область","58"
"562","Летичівський район","http://atu.minregion.gov.ua/ua/ustriy_page/562","Хмельницька область","58"
"770","Новоушицький район","http://atu.minregion.gov.ua/ua/ustriy_page/770","Хмельницька область","58"
"771","Полонський район","http://atu.minregion.gov.ua/ua/ustriy_page/771","Хмельницька область","58"
"772","Славутський район","http://atu.minregion.gov.ua/ua/ustriy_page/772","Хмельницька область","58"
"773","Старокостянтинівський район","http://atu.minregion.gov.ua/ua/ustriy_page/773","Хмельницька область","58"
"775","Старосинявський район","http://atu.minregion.gov.ua/ua/ustriy_page/775","Хмельницька область","58"
"777","Теофіпольський район","http://atu.minregion.gov.ua/ua/ustriy_page/777","Хмельницька область","58"
"778","Хмельницький район","http://atu.minregion.gov.ua/ua/ustriy_page/778","Хмельницька область","58"
"779","Чемеровецький район","http://atu.minregion.gov.ua/ua/ustriy_page/779","Хмельницька область","58"
"780","Шепетівський район","http://atu.minregion.gov.ua/ua/ustriy_page/780","Хмельницька область","58"
"782","Ярмолинецький район","http://atu.minregion.gov.ua/ua/ustriy_page/782","Хмельницька область","58"
"1141","Кам'янець-Подільська міська рада міста обласного значення","http://atu.minregion.gov.ua/ua/ustriy_page/1141","Хмельницька область","58"
"1142","Нетішинська міська рада міста обласного значення","http://atu.minregion.gov.ua/ua/ustriy_page/1142","Хмельницька область","58"
"1143","Славутська міська рада міста обласного значення","http://atu.minregion.gov.ua/ua/ustriy_page/1143","Хмельницька область","58"
"1145","Старокостянтинівська міська рада міста обласного значення","http://atu.minregion.gov.ua/ua/ustriy_page/1145","Хмельницька область","58"
"1140","Хмельницька міська рада міста обласного значення","http://atu.minregion.gov.ua/ua/ustriy_page/1140","Хмельницька область","58"
"1099","Шепетівська міська рада міста обласного значення","http://atu.minregion.gov.ua/ua/ustriy_page/1099","Хмельницька область","58"
"783","Городищенський район","http://atu.minregion.gov.ua/ua/ustriy_page/783","Черкаська область","59"
"785","Драбівський район","http://atu.minregion.gov.ua/ua/ustriy_page/785","Черкаська область","59"
"786","Жашківський район","http://atu.minregion.gov.ua/ua/ustriy_page/786","Черкаська область","59"
"787","Звенигородський район","http://atu.minregion.gov.ua/ua/ustriy_page/787","Черкаська область","59"
"848","Золотоніський район","http://atu.minregion.gov.ua/ua/ustriy_page/848","Черкаська область","59"
"789","Кам'янський район","http://atu.minregion.gov.ua/ua/ustriy_page/789","Черкаська область","59"
"790","Канівський район","http://atu.minregion.gov.ua/ua/ustriy_page/790","Черкаська область","59"
"792","Катеринопільський район","http://atu.minregion.gov.ua/ua/ustriy_page/792","Черкаська область","59"
"793","Корсунь-Шевченківський район","http://atu.minregion.gov.ua/ua/ustriy_page/793","Черкаська область","59"
"795","Лисянський район","http://atu.minregion.gov.ua/ua/ustriy_page/795","Черкаська область","59"
"797","Маньківський район","http://atu.minregion.gov.ua/ua/ustriy_page/797","Черкаська область","59"
"798","Монастирищенський район","http://atu.minregion.gov.ua/ua/ustriy_page/798","Черкаська область","59"
"799","Смілянський район","http://atu.minregion.gov.ua/ua/ustriy_page/799","Черкаська область","59"
"800","Тальнівський район","http://atu.minregion.gov.ua/ua/ustriy_page/800","Черкаська область","59"
"801","Уманський район","http://atu.minregion.gov.ua/ua/ustriy_page/801","Черкаська область","59"
"802","Христинівський район","http://atu.minregion.gov.ua/ua/ustriy_page/802","Черкаська область","59"
"803","Черкаський район","http://atu.minregion.gov.ua/ua/ustriy_page/803","Черкаська область","59"
"804","Чигиринський район","http://atu.minregion.gov.ua/ua/ustriy_page/804","Черкаська область","59"
"805","Чорнобаївський район","http://atu.minregion.gov.ua/ua/ustriy_page/805","Черкаська область","59"
"806","Шполянський район","http://atu.minregion.gov.ua/ua/ustriy_page/806","Черкаська область","59"
"1150","Ватутінська міська рада міста обласного значення","http://atu.minregion.gov.ua/ua/ustriy_page/1150","Черкаська область","59"
"1152","Золотоніська міська рада міста обласного значення","http://atu.minregion.gov.ua/ua/ustriy_page/1152","Черкаська область","59"
"1151","Канівська міська рада міста обласного значення","http://atu.minregion.gov.ua/ua/ustriy_page/1151","Черкаська область","59"
"1153","Смілянська міська рада міста обласного значення","http://atu.minregion.gov.ua/ua/ustriy_page/1153","Черкаська область","59"
"1155","Уманська міська рада міста обласного значення","http://atu.minregion.gov.ua/ua/ustriy_page/1155","Черкаська область","59"
"271","Черкаська міська рада міста обласного значення","http://atu.minregion.gov.ua/ua/ustriy_page/271","Черкаська область","59"
"807","Вижницький район","http://atu.minregion.gov.ua/ua/ustriy_page/807","Чернівецька область","60"
"808","Герцаївський район","http://atu.minregion.gov.ua/ua/ustriy_page/808","Чернівецька область","60"
"810","Глибоцький район","http://atu.minregion.gov.ua/ua/ustriy_page/810","Чернівецька область","60"
"813","Заставнівський район","http://atu.minregion.gov.ua/ua/ustriy_page/813","Чернівецька область","60"
"815","Кельменецький район","http://atu.minregion.gov.ua/ua/ustriy_page/815","Чернівецька область","60"
"816","Кіцманський район","http://atu.minregion.gov.ua/ua/ustriy_page/816","Чернівецька область","60"
"817","Новоселицький район","http://atu.minregion.gov.ua/ua/ustriy_page/817","Чернівецька область","60"
"818","Путильський район","http://atu.minregion.gov.ua/ua/ustriy_page/818","Чернівецька область","60"
"819","Сокирянський район","http://atu.minregion.gov.ua/ua/ustriy_page/819","Чернівецька область","60"
"820","Сторожинецький район","http://atu.minregion.gov.ua/ua/ustriy_page/820","Чернівецька область","60"
"822","Хотинський район","http://atu.minregion.gov.ua/ua/ustriy_page/822","Чернівецька область","60"
"1169","Новодністровська міська рада міста обласного значення","http://atu.minregion.gov.ua/ua/ustriy_page/1169","Чернівецька область","60"
"1168","Чернівецька міська рада міста обласного значення","http://atu.minregion.gov.ua/ua/ustriy_page/1168","Чернівецька область","60"
"823","Бахмацький район","http://atu.minregion.gov.ua/ua/ustriy_page/823","Чернігівська область","62"
"852","Бобровицький район","http://atu.minregion.gov.ua/ua/ustriy_page/852","Чернігівська область","62"
"824","Борзнянський район","http://atu.minregion.gov.ua/ua/ustriy_page/824","Чернігівська область","62"
"825","Варвинський район","http://atu.minregion.gov.ua/ua/ustriy_page/825","Чернігівська область","62"
"826","Городнянський район","http://atu.minregion.gov.ua/ua/ustriy_page/826","Чернігівська область","62"
"828","Ічнянський район","http://atu.minregion.gov.ua/ua/ustriy_page/828","Чернігівська область","62"
"854","Козелецький район","http://atu.minregion.gov.ua/ua/ustriy_page/854","Чернігівська область","62"
"829","Коропський район","http://atu.minregion.gov.ua/ua/ustriy_page/829","Чернігівська область","62"
"830","Корюківський район","http://atu.minregion.gov.ua/ua/ustriy_page/830","Чернігівська область","62"
"831","Куликівський район","http://atu.minregion.gov.ua/ua/ustriy_page/831","Чернігівська область","62"
"566","Менський район","http://atu.minregion.gov.ua/ua/ustriy_page/566","Чернігівська область","62"
"569","Ніжинський район","http://atu.minregion.gov.ua/ua/ustriy_page/569","Чернігівська область","62"
"570","Новгород-Сіверський район","http://atu.minregion.gov.ua/ua/ustriy_page/570","Чернігівська область","62"
"571","Носівський район","http://atu.minregion.gov.ua/ua/ustriy_page/571","Чернігівська область","62"
"572","Прилуцький район","http://atu.minregion.gov.ua/ua/ustriy_page/572","Чернігівська область","62"
"573","Ріпкинський район","http://atu.minregion.gov.ua/ua/ustriy_page/573","Чернігівська область","62"
"574","Семенівський район","http://atu.minregion.gov.ua/ua/ustriy_page/574","Чернігівська область","62"
"836","Сновський район","http://atu.minregion.gov.ua/ua/ustriy_page/836","Чернігівська область","62"
"575","Сосницький район","http://atu.minregion.gov.ua/ua/ustriy_page/575","Чернігівська область","62"
"832","Срібнянський район","http://atu.minregion.gov.ua/ua/ustriy_page/832","Чернігівська область","62"
"834","Талалаївський район","http://atu.minregion.gov.ua/ua/ustriy_page/834","Чернігівська область","62"
"835","Чернігівський район","http://atu.minregion.gov.ua/ua/ustriy_page/835","Чернігівська область","62"
"1183","Ніжинська міська рада міста обласного значення","http://atu.minregion.gov.ua/ua/ustriy_page/1183","Чернігівська область","62"
"1197","Новгород-Сіверська міська рада міста обласного значення","http://atu.minregion.gov.ua/ua/ustriy_page/1197","Чернігівська область","62"
"1184","Прилуцька міська рада міста обласного значення","http://atu.minregion.gov.ua/ua/ustriy_page/1184","Чернігівська область","62"
"1180","Чернігівська міська рада міста обласного значення","http://atu.minregion.gov.ua/ua/ustriy_page/1180","Чернігівська область","62"
